processes,size,time
16,100,1.19561
16,100,1.61014
16,100,1.41616
16,100,3.27183
16,100,1.03312
16,100,1.15898
16,100,2.32747
16,100,0.984675
16,100,2.49298
16,100,3.75645
16,100,2.12257
16,100,0.922376
16,100,0.902645
16,100,0.931051
16,100,2.19914
16,100,0.870258
16,100,2.26049
16,100,2.27197
16,100,1.25062
16,100,2.88563
16,100,2.22363
16,100,2.3603
16,100,2.39358
16,100,2.35943
16,100,1.19308
16,100,1.39905
16,100,2.23586
16,100,2.17345
16,100,2.1869
16,100,0.889599
16,100,1.983
16,100,1.00274
16,100,0.985517
16,100,0.972531
16,100,1.10865
16,100,1.18015
16,100,1.16342
16,100,2.00392
16,100,0.988716
16,100,2.46848
16,100,2.18321
16,100,2.20429
16,100,2.31122
16,100,2.51746
16,100,1.10481
16,100,0.914004
16,100,1.00792
16,100,0.892733
16,100,2.31021
16,100,5.30608
16,100,0.921752
16,100,2.50346
16,100,2.19432
16,100,2.09998
16,100,1.0123
16,100,1.05203
16,100,1.15275
16,100,0.925236
16,100,2.25524
16,100,2.40282
16,100,2.29406
16,100,0.950953
16,100,3.57226
16,100,1.08803
16,100,3.68183
16,100,1.0052
16,100,2.30519
16,100,2.36038
16,100,0.90299
16,100,3.83015
16,100,2.32179
16,100,2.38762
16,100,2.25211
16,100,2.31129
16,100,0.898396
16,100,2.28327
16,100,2.34977
16,100,2.22403
16,100,0.947422
16,100,0.984172
16,100,0.900735
16,100,2.30633
16,100,2.3286
16,100,1.1314
16,100,3.43607
16,100,1.00845
16,100,2.29181
16,100,3.61552
16,100,2.04505
16,100,0.93128
16,100,2.43111
16,100,2.39117
16,100,2.19251
16,100,0.955995
16,100,2.23831
16,100,3.56908
16,100,3.4474
16,100,0.913058
16,100,0.958628
16,100,2.28218
16,100,0.938117
16,100,1.41693
16,100,0.994558
16,100,1.27791
16,100,1.1039
16,100,1.20898
16,100,2.40782
16,100,1.94796
16,100,2.14805
16,100,3.59698
16,100,2.17275
16,100,0.941324
16,100,0.95425
16,100,0.938531
16,100,0.974911
16,100,3.57119
16,100,3.603
16,100,0.997525
16,100,1.08504
16,100,2.31164
16,100,2.06073
16,100,1.01055
16,100,3.77761
16,100,1.3849
16,100,2.34209
16,100,1.09628
16,100,1.25733
16,100,2.26089
16,100,2.10519
16,100,2.14726
16,100,1.02579
16,100,2.14815
16,100,2.44211
16,100,1.30803
16,100,2.42984
16,100,0.939534
16,100,2.39422
16,100,0.993013
16,100,1.05601
16,100,2.37486
16,100,0.93169
16,100,2.15319
16,100,1.14438
16,100,1.1362
16,100,1.06886
16,100,1.05873
16,100,2.13666
16,100,4.0147
16,100,1.1087
16,100,0.953141
16,100,1.44687
16,100,0.966636
16,100,2.09257
16,100,2.09027
16,100,2.18391
16,100,0.959654
16,100,0.943827
16,100,1.36921
16,100,0.91175
16,100,0.931726
16,100,2.18477
16,100,2.28399
16,100,3.78082
16,100,0.892812
16,100,0.864236
16,100,2.15848
16,100,0.948888
16,100,1.011
16,100,2.4524
16,100,1.03489
16,100,1.02613
16,100,2.16267
16,100,0.957129
16,100,1.09836
16,100,2.38113
16,100,2.34779
16,100,1.99778
16,100,2.22332
16,100,1.19769
16,100,0.980909
16,100,1.13588
16,100,2.21877
16,100,2.40322
16,100,2.40342
16,100,3.70173
16,100,1.38325
16,100,2.41654
16,100,0.916225
16,100,1.03862
16,100,0.835213
16,100,0.890849
16,100,3.53302
16,100,0.921905
16,100,2.07735
16,100,2.38671
16,100,1.09094
16,100,2.31593
16,100,2.22725
16,100,0.926623
16,100,1.21978
16,100,2.27542
16,100,2.31796
16,100,0.969453
16,100,2.40986
16,100,3.61396
16,100,0.869449
16,100,2.33224
16,100,1.92005
16,100,3.57154
16,100,1.03712
16,100,3.99562
16,100,2.25187
16,100,2.33913
16,100,2.50663
16,100,3.72162
16,100,2.39314
16,100,2.36749
16,100,3.5854
16,100,1.34783
16,100,2.29843
16,100,2.40266
16,100,0.944773
16,100,1.27482
16,100,3.6299
16,100,1.16917
16,100,0.867466
16,100,1.15025
16,100,0.959754
16,100,0.922184
16,100,2.32819
16,100,1.66593
16,100,0.983482
16,100,2.31954
16,100,0.909578
16,100,2.45689
16,100,0.956351
16,100,0.981822
16,100,3.48689
16,100,3.51427
16,100,1.15288
16,100,2.24629
16,100,2.35529
16,100,3.8784
16,100,1.14743
16,100,2.36274
16,100,0.970585
16,100,0.966251
16,100,2.15997
16,100,2.17538
16,100,2.28344
16,100,2.09241
16,100,1.14136
16,100,2.13317
16,100,2.31235
16,100,2.16749
16,100,2.22049
16,100,2.4877
16,100,0.882783
16,100,2.13222
16,100,2.28745
16,100,1.12391
16,100,1.06998
16,100,1.13872
16,100,1.13078
16,100,1.05207
16,100,1.50122
16,100,0.914975
16,100,2.1182
16,100,1.37702
16,100,0.915374
16,100,2.37723
16,100,0.902139
16,100,2.23795
16,100,1.11434
16,100,0.924603
16,100,0.933838
16,100,0.920337
16,100,0.969895
16,100,0.941294
16,100,1.13751
16,100,2.42098
16,100,2.32723
16,100,2.40842
16,100,0.9778
16,100,2.22347
16,100,2.1721
16,100,3.53051
16,100,2.15798
16,100,0.975414
16,100,1.13605
16,100,2.19214
16,100,3.5529
16,100,1.10591
16,100,0.94731
16,100,2.37259
16,100,1.08958
16,100,3.57429
16,100,2.31309
16,100,3.63964
16,100,2.40059
16,100,1.02779
16,100,2.18996
16,100,3.57431
16,100,2.31585
16,100,1.08952
16,100,3.73761
16,100,0.929418
16,100,2.39616
16,100,0.948083
16,100,2.28187
16,100,2.3453
16,100,1.11661
16,100,1.11659
16,100,1.47705
16,100,3.80161
16,100,1.81331
16,100,2.23851
16,100,1.30187
16,100,2.27741
16,100,1.12231
16,100,1.1464
16,100,1.14875
16,100,2.10694
16,100,2.15285
16,100,0.910241
16,100,3.42903
16,100,1.19326
16,100,1.11308
16,100,2.37186
16,100,2.36122
16,100,0.935235
16,100,1.08385
16,100,1.40082
16,100,0.918295
16,100,2.31915
16,100,1.15441
16,100,1.03754
16,100,2.12728
16,100,0.930545
16,100,1.00585
16,100,0.864659
16,100,3.95649
16,100,0.915567
16,100,0.980765
16,100,1.69673
16,100,2.26126
16,100,1.23039
16,100,1.08683
16,100,2.31237
16,100,0.923767
16,100,1.16991
16,100,2.21559
16,100,2.51279
16,100,2.35394
16,100,1.48206
16,100,1.11174
16,100,2.19708
16,100,2.4329
16,100,1.04822
16,100,1.05065
16,100,2.40977
16,100,2.4149
16,100,2.28604
16,100,0.967285
16,100,2.44217
16,100,0.962001
16,100,3.79481
16,100,2.23982
16,100,0.968931
16,100,2.00878
16,100,2.49807
16,100,1.11029
16,100,4.01942
16,100,3.63918
16,100,0.921288
16,100,2.16156
16,100,2.27578
16,100,1.00418
16,100,0.96433
16,100,2.13793
16,100,0.870097
16,100,2.42888
16,100,1.24541
16,100,0.902485
16,100,1.14927
16,100,1.06134
16,100,0.918096
16,100,2.06311
16,100,5.4217
16,100,0.961309
16,100,2.31178
16,100,1.01781
16,100,0.937506
16,100,0.84762
16,100,3.79432
16,100,2.07171
16,100,0.938413
16,100,1.27371
16,100,0.917127
16,100,1.09994
16,100,1.01681
16,100,2.45409
16,100,0.876429
16,100,1.13489
16,100,2.3016
16,100,1.09831
16,100,2.30367
16,100,0.92905
16,100,0.965406
16,100,1.13688
16,100,1.10039
16,100,0.944426
16,100,2.0942
16,100,0.969052
16,100,1.12268
16,100,0.959111
16,100,1.46311
16,100,0.975367
16,100,2.19171
16,100,1.11725
16,100,2.40625
16,100,2.29093
16,100,1.01238
16,100,3.59663
16,100,2.41936
16,100,2.08002
16,100,2.18118
16,100,1.07419
16,100,1.00348
16,100,2.06076
16,100,1.41143
16,100,0.94832
16,100,1.158
16,100,2.4399
16,100,0.975126
16,100,2.3671
16,100,1.09047
16,100,2.07941
16,100,1.06527
16,100,1.14807
16,100,2.31134
16,100,1.03461
16,100,5.02917
16,100,2.34033
16,100,1.10771
16,100,1.1375
16,100,2.37397
16,100,1.21361
16,100,0.978805
16,100,2.31604
16,100,0.953149
16,100,1.5029
16,100,1.10653
16,100,1.11923
16,100,0.889538
16,100,2.23884
16,100,0.966533
16,100,2.42916
16,100,1.17632
16,100,1.10602
16,100,3.57304
16,100,2.39913
16,100,2.25671
16,100,2.00981
16,100,2.30634
16,100,2.34603
16,100,2.39623
16,100,0.901495
16,100,1.15866
16,100,2.22733
16,100,2.31781
16,100,0.937155
16,100,1.26338
16,100,2.18552
16,100,3.6195
16,100,0.941226
16,100,2.49897
16,100,0.923082
16,100,0.910883
16,100,1.60744
16,100,0.999801
16,100,2.29236
16,100,3.51373
16,100,0.956095
16,100,0.973943
16,100,0.873193
16,100,1.42558
16,100,2.2845
16,100,0.980119
16,100,2.28256
16,100,1.14739
16,100,0.956129
16,100,1.00403
16,100,0.95245
16,100,1.06264
16,100,1.05091
16,100,2.38526
16,100,1.17965
16,100,2.18059
16,100,2.28263
16,100,1.17278
16,100,2.36839
16,100,0.974937
16,100,0.947587
16,100,2.13756
16,100,2.22915
16,100,2.39778
16,100,0.969278
16,100,2.30828
16,100,0.988222
16,100,0.925049
16,100,2.42063
16,100,3.12561
16,100,2.19722
16,100,0.935681
16,100,2.26499
16,100,2.3504
16,100,2.21479
16,100,0.965389
16,100,1.10516
16,100,1.10691
16,100,2.38415
16,100,0.880212
16,100,2.19181
16,100,1.25578
16,100,2.17397
16,100,0.937639
16,100,1.08531
16,100,0.976233
16,100,2.2206
16,100,0.865285
16,100,2.40994
16,100,2.15033
16,100,0.911386
16,100,2.34875
16,100,2.26767
16,100,2.53095
16,100,1.16291
16,100,2.22328
16,100,2.09095
16,100,1.14264
16,100,0.962899
16,100,2.12171
16,100,1.16413
16,100,2.31949
16,100,2.20742
16,100,2.16599
16,100,1.0985
16,100,2.10742
16,100,3.45901
16,100,2.33583
16,100,2.20184
16,100,2.87049
16,100,0.916907
16,100,0.926855
16,100,0.959781
16,100,2.22679
16,100,0.964282
16,100,2.11538
16,100,3.65458
16,100,2.29519
16,100,2.32612
16,100,0.949027
16,100,0.957244
16,100,0.963969
16,100,2.33365
16,100,1.19145
16,100,1.10963
16,100,1.0722
16,100,1.07089
16,100,2.34037
16,100,1.20054
16,100,1.15798
16,100,2.38377
16,100,2.25492
16,100,0.964702
16,100,3.67722
16,100,0.991646
16,100,2.36472
16,100,1.13301
16,100,1.10409
16,100,0.931543
16,100,2.26167
16,100,2.15114
16,100,0.962318
16,100,2.09747
16,100,0.905377
16,100,3.58718
16,100,3.67396
16,100,2.41292
16,100,0.950911
16,100,1.04377
16,100,2.31504
16,100,3.66645
16,100,2.14698
16,100,1.03274
16,100,2.20648
16,100,2.39199
16,100,1.12004
16,100,1.14943
16,100,2.32989
16,100,0.962962
16,100,2.40513
16,100,0.984531
16,100,1.19449
16,100,0.976889
16,100,3.42407
16,100,3.36499
16,100,1.07045
16,100,1.12583
16,100,0.950106
16,100,0.933901
16,100,0.923474
16,100,1.14503
16,100,0.887801
16,100,2.41096
16,100,2.12557
16,100,1.00995
16,100,2.16379
16,100,0.942091
16,100,0.9368
16,100,2.53062
16,100,1.23299
16,100,5.35726
16,100,1.04183
16,100,1.37156
16,100,0.864889
16,100,2.24539
16,100,0.933934
16,100,1.19162
16,100,2.13163
16,100,0.964157
16,100,0.961223
16,100,0.933114
16,100,1.02155
16,100,2.26593
16,100,2.31707
16,100,1.00297
16,100,2.22792
16,100,3.28518
16,100,2.34354
16,100,1.09044
16,100,1.17351
16,100,0.94284
16,100,1.13639
16,100,0.962483
16,100,1.43737
16,100,1.18219
16,100,2.2764
16,100,1.09807
16,100,2.37546
16,100,2.08822
16,100,1.13463
16,100,5.70426
16,100,0.974682
16,100,2.19283
16,100,0.952197
16,100,2.33959
16,100,2.31454
16,100,2.30369
16,100,0.91709
16,100,2.12966
16,100,1.09958
16,100,1.04421
16,100,2.40631
16,100,0.907888
16,100,2.16276
16,100,1.1078
16,100,1.52001
16,100,1.11878
16,100,0.97817
16,100,1.42927
16,100,0.972913
16,100,0.998151
16,100,0.95452
16,100,1.20562
16,100,2.31049
16,100,4.04799
16,100,2.39945
16,100,0.92235
16,100,2.4151
16,100,1.11516
16,100,0.96334
16,100,1.07328
16,100,1.09749
16,100,2.24107
16,100,0.870499
16,100,1.10981
16,100,3.58237
16,100,1.36226
16,100,2.18733
16,100,2.28514
16,100,0.872691
16,100,0.93073
16,100,0.981492
16,100,0.959333
16,100,2.12208
16,100,0.97707
16,100,2.28443
16,100,0.998443
16,100,0.927126
16,100,2.34476
16,100,0.949412
16,100,3.97488
16,100,2.28881
16,100,2.17821
16,100,0.908602
16,100,1.06169
16,100,2.01639
16,100,2.17577
16,100,1.13706
16,100,0.92262
16,100,2.15044
16,100,0.892901
16,100,1.414
16,100,1.08543
16,100,0.975056
16,100,1.13741
16,100,1.38739
16,100,0.869634
16,100,3.5297
16,100,1.36736
16,100,2.26791
16,100,0.952483
16,100,0.88661
16,100,2.2109
16,100,2.15463
16,100,2.24687
16,100,3.48462
16,100,1.02429
16,100,1.08236
16,100,0.961559
16,100,3.60598
16,100,3.29317
16,100,2.3414
16,100,2.16198
16,100,2.40436
16,100,2.19664
16,100,1.3175
16,100,2.45338
16,100,2.1202
16,100,2.11748
16,100,2.21661
16,100,2.26925
16,100,1.9827
16,100,3.83881
16,100,2.17229
16,100,2.30816
16,100,1.13146
16,100,1.45616
16,100,2.50993
16,100,1.0916
16,100,1.1132
16,100,2.15223
16,100,3.89628
16,100,2.38224
16,100,1.10042
16,100,4.15643
16,100,1.18403
16,100,0.890327
16,100,2.44114
16,100,2.06403
16,100,2.33108
16,100,0.951816
16,100,0.984979
16,100,3.5613
16,100,0.968671
16,100,2.43807
16,100,1.02051
16,100,0.96977
16,100,2.16609
16,100,1.41621
16,100,1.22697
16,100,0.9642
16,100,2.16605
16,100,2.28978
16,100,3.68831
16,100,2.2289
16,100,0.882351
16,100,1.04184
16,100,0.902885
16,100,0.923435
16,100,0.897665
16,100,0.90125
16,100,1.10889
16,100,1.02942
16,100,1.18209
16,100,0.960232
16,100,1.03599
16,100,2.28285
16,100,1.03224
16,100,2.17165
16,100,1.28046
16,100,3.48603
16,100,0.970163
16,100,0.876951
16,100,3.66122
16,100,0.941161
16,100,1.15759
16,100,2.47603
16,100,2.06516
16,100,2.33929
16,100,1.09471
16,100,4.04033
16,100,2.36118
16,100,1.12621
16,100,2.37896
16,100,2.06534
16,100,1.17087
16,100,1.19355
16,100,0.91436
16,100,1.12859
16,100,1.01406
16,100,1.10233
16,100,2.4201
16,100,2.3571
16,100,0.890567
16,100,1.46996
16,100,1.00615
16,100,1.47746
16,100,0.923025
16,100,1.89559
16,100,0.984019
16,100,1.11454
16,100,2.06797
16,100,2.13471
16,100,1.1681
16,100,1.01249
16,100,0.939323
16,100,2.15275
16,100,0.866187
16,100,0.979866
16,100,2.35463
16,100,2.33187
16,100,2.26175
16,100,2.14778
16,100,2.31002
16,100,2.08779
16,100,1.12104
16,100,2.17704
16,100,2.11443
16,100,2.12318
16,100,3.754
16,100,1.26773
16,100,2.34437
16,100,1.20064
16,100,0.937656
16,100,1.00982
16,100,1.19758
16,100,0.95186
16,100,2.30621
16,100,0.947827
16,100,0.980157
16,100,2.20099
16,100,0.896262
16,100,0.997573
16,100,0.891023
16,100,3.82436
16,100,0.900107
16,100,2.11063
16,100,2.30564
16,100,2.42243
16,100,3.57601
16,100,1.28749
16,100,2.42718
16,100,1.63937
16,100,1.45621
16,100,2.16349
16,100,0.968395
16,100,3.63828
16,100,1.1782
16,100,2.09094
16,100,2.42619
16,100,1.07896
16,100,2.13259
16,100,1.2806
16,100,2.37845
16,100,2.31683
16,100,0.903959
16,100,1.12882
16,100,1.13015
16,100,2.35375
16,100,1.99801
16,100,2.41968
16,100,0.899705
16,100,0.892976
16,100,0.962915
16,100,1.19088
16,100,2.40952
16,100,2.12673
16,100,2.33815
16,100,0.906767
16,100,1.13714
16,100,0.951014
16,100,1.16295
16,100,1.09533
16,100,2.32764
16,100,1.11492
16,100,2.44564
16,100,2.22177
16,100,2.38029
16,100,1.28047
16,100,1.05377
16,100,2.36272
16,100,1.98675
16,100,2.38522
16,100,1.07485
16,100,2.18676
16,100,3.61785
16,100,1.08919
16,100,2.3528
16,100,2.33979
16,100,0.948523
16,100,1.39224
16,100,2.33482
16,100,2.47289
16,100,2.21166
16,100,2.13298
16,100,1.0063
16,100,2.12408
16,100,0.93679
16,100,1.12909
16,100,0.898156
16,100,1.0859
16,100,0.949641
16,100,3.71178
16,100,2.33707
16,100,2.37101
16,100,1.0986
16,100,1.42737
16,100,0.892966
16,100,2.24707
16,100,0.898501
16,100,2.42401
16,100,0.895833
16,100,0.930619
16,100,1.12822
16,100,1.14035
16,100,3.52838
16,100,2.32604
16,100,1.10846
16,100,1.21764
16,100,2.3198
16,100,2.40362
16,100,2.31867
16,100,1.00459
16,100,1.08471
16,100,2.32445
16,100,0.938625
16,100,2.40548
16,100,3.55453
16,100,0.999395
16,100,2.41203
16,100,1.23523
16,100,2.40194
16,100,0.949484
16,100,1.02354
16,100,2.17781
16,100,1.16609
16,100,3.63915
16,100,2.22637
16,100,2.29938
16,100,1.10375
16,100,1.11858
16,100,2.2487
16,100,1.06382
16,100,2.06861
16,100,0.975013
16,100,0.913699
16,100,1.12824
16,100,0.963192
16,100,0.895316
16,100,1.09949
16,100,1.03268
16,100,5.10974
16,100,2.01282
16,100,2.21119
16,100,2.09995
16,100,0.958196
16,100,2.3998
16,100,3.8552
16,100,2.07709
16,100,2.34646
16,100,1.0141
16,100,0.86138
16,100,0.959824
16,100,1.30978
16,100,1.16238
16,100,1.16237
16,100,2.58363
16,100,4.11947
16,100,0.93029
16,100,2.2425
16,100,0.99005
16,100,1.05172
16,100,1.20097
16,100,1.14537
16,100,2.11684
16,100,1.00547
16,100,1.2418
16,100,0.889679
16,100,3.45415
16,100,2.361
16,100,2.36289
16,100,2.14892
16,100,2.26313
16,100,2.47587
16,100,2.1993
16,100,2.37802
16,100,0.975685
16,100,2.17005
16,100,1.40013
16,100,0.972443
16,100,2.19759
16,100,1.08486
16,100,2.24552
16,100,2.37537
16,100,2.06128
16,100,1.0421
16,100,3.81014
16,100,0.879559
16,100,2.1294
16,100,0.975338
16,100,2.35773
16,100,2.06683
16,100,2.05935
16,100,1.09562
16,100,2.09675
16,100,3.65759
16,100,1.00416
16,100,2.02262
16,100,1.18047
16,100,2.36458
16,100,2.19813
16,100,2.12754
16,100,0.933046
16,100,1.09648
16,100,1.14339
16,100,1.83308
16,100,1.14904
16,100,1.12101
16,100,2.4559
16,100,1.06635
16,100,3.99717
16,100,0.985686
16,100,1.38734
16,100,1.17241
16,100,0.970695
16,100,1.28345
16,100,2.06815
16,100,0.943348
16,100,2.34893
16,100,1.43921
16,100,0.941236
16,100,3.62366
16,100,2.09152
16,100,2.28694
16,100,0.974572
16,100,0.973292
16,100,1.31106
16,100,2.32181
16,100,0.946698
16,100,0.974091
16,100,3.55454
16,100,2.30291
16,100,2.06412
16,100,3.86617
16,100,0.890341
16,100,3.30652
16,100,0.968828
16,100,1.38417
16,100,0.976978
16,100,2.29418
16,100,2.17758
16,100,2.16641
16,100,2.36475
16,100,2.11107
16,100,3.83126
16,100,2.36165
16,100,2.45273
16,100,1.19857
16,100,2.36904
16,100,0.956385
16,100,0.983171
16,100,2.3509
16,100,2.37055
16,100,1.11777
16,100,1.12928
16,100,2.16377
16,100,1.10413
16,100,0.954801
16,100,0.972122
16,100,2.16054
16,100,3.56618
16,100,2.19649
16,100,2.07792
16,100,2.3887
16,100,2.35677
16,100,2.50602
16,100,1.40416
16,100,0.952436
16,100,1.14313
16,100,2.46124
16,100,0.961136
16,100,1.21264
16,100,1.12157
16,100,0.919207
16,100,2.38922
16,100,0.9526
16,100,2.19777
16,100,1.09138
16,100,2.30712
16,100,1.10995
16,100,2.2534
16,100,2.07296
16,100,2.39666
16,100,1.92793
16,100,0.933989
16,100,1.03201
16,100,2.44068
16,100,1.11077
16,100,2.08435
16,100,1.11913
16,100,0.868041
16,100,2.4512
16,100,0.947925
16,100,0.924971
16,100,1.32075
16,100,2.05462
16,100,1.0874
16,100,2.36147
16,100,2.38776
16,100,1.09963
16,100,1.03706
16,100,2.31542
16,100,4.15421
16,100,2.20778
16,100,2.28909
16,100,1.2144
16,100,0.897003
16,100,2.08643
16,100,0.927067
16,100,0.936868
16,100,2.12074
16,100,2.36102
16,100,1.29217
16,100,1.02471
16,100,2.18915
16,100,1.39988
16,100,1.13286
16,100,1.00824
16,100,3.96677
16,100,2.00137
16,100,1.09537
16,100,2.40638
16,100,1.99617
16,100,2.20088
16,100,0.963293
16,100,2.06643
16,100,2.02388
16,100,0.925979
16,100,2.27826
16,100,2.1038
16,100,0.974972
16,100,1.16131
16,100,1.0946
16,100,1.11661
16,100,1.17849
16,100,2.15438
16,100,1.01559
16,100,1.16134
16,100,1.15112
16,100,2.41551
16,100,2.35894
16,100,1.00893
16,100,0.870679
16,100,0.906143
16,100,2.3032
16,100,1.25692
16,100,0.927358
16,100,3.41172
16,100,1.35393
16,100,2.28943
16,100,1.10086
16,100,2.25005
16,100,1.08785
16,100,1.13905
16,100,0.941836
16,100,0.890446
16,100,2.40298
16,100,0.898024
16,100,1.15506
16,100,2.41516
16,100,1.49274
16,100,0.942914
16,100,2.21021
16,100,2.05917
16,100,2.22122
16,100,1.4096
16,100,0.926417
16,100,0.9276
16,100,3.39612
16,100,1.12745
16,100,2.28347
16,100,1.95147
16,100,2.35407
16,100,1.14685
16,100,0.929192
16,100,1.00588
16,100,1.21937
16,100,1.72852
16,100,3.62068
16,100,1.39393
16,100,0.854566
16,100,0.973823
16,100,0.960199
16,100,2.09093
16,100,1.19903
16,100,0.91817
16,100,3.98298
16,100,2.26953
16,100,1.25688
16,100,3.4493
16,100,1.02964
16,100,2.37219
16,100,1.27483
16,100,2.29809
16,100,3.33393
16,100,0.977016
16,100,1.40707
16,100,2.15238
16,100,3.43223
16,100,2.2571
16,100,2.23168
16,100,0.927798
16,100,0.93467
16,100,2.30122
16,100,2.3043
16,100,2.4467
16,100,2.32375
16,100,1.01455
16,100,2.30764
16,100,0.893942
16,100,0.863323
16,100,2.1631
16,100,1.05996
16,100,2.21545
16,100,2.16186
16,100,0.908042
16,100,2.08976
16,100,0.899001
16,100,3.54187
16,100,0.872929
16,100,0.956554
16,100,2.40784
16,100,2.19315
16,100,3.66393
16,100,0.950514
16,100,0.975734
16,100,2.2451
16,100,0.93045
16,100,2.42783
16,100,2.14841
16,100,1.08191
16,100,2.26981
16,100,2.1458
16,100,2.15258
16,100,0.996512
16,100,1.389
16,100,2.24971
16,100,1.19287
16,100,2.47639
16,100,3.50186
16,100,1.23078
16,100,3.44393
16,100,1.09407
16,100,2.2603
16,100,2.29466
16,100,0.933441
16,100,1.05604
16,100,1.06588
16,100,2.1914
16,100,2.37257
16,100,2.337
16,100,2.17619
16,100,0.858631
16,100,0.993682
16,100,3.60109
16,100,2.44101
16,100,0.867174
16,100,0.981773
16,100,0.927581
16,100,1.11408
16,100,3.13661
16,100,4.77452
16,100,0.968645
16,100,0.941262
16,100,2.31853
16,100,1.12128
16,100,1.14665
16,100,2.42533
16,100,1.1643
16,100,1.1402
16,100,2.16324
16,100,1.38686
16,100,2.24021
16,100,0.966428
16,100,2.14581
16,100,2.46262
16,100,0.969146
16,100,2.36689
16,100,1.00791
16,100,1.01973
16,100,1.61541
16,100,2.10217
16,100,2.15034
16,100,1.21973
16,100,0.938036
16,100,1.12508
16,100,0.916344
16,100,1.43631
16,100,0.91567
16,100,2.36274
16,100,0.947181
16,100,2.41076
16,100,0.878583
16,100,1.18903
16,100,1.35089
16,100,0.863552
16,100,0.989206
16,100,2.3906
16,100,1.18394
16,100,1.03193
16,100,0.982486
16,100,4.03314
16,100,2.42962
16,100,0.978729
16,100,2.39008
16,100,2.04666
16,100,0.975697
16,100,3.98167
16,100,0.953887
16,100,1.0439
16,100,0.975025
16,100,2.20326
16,100,0.95326
16,100,2.11403
16,100,2.13416
16,100,2.09014
16,100,3.46655
16,100,1.08324
16,100,2.10519
16,100,0.962636
16,100,1.02663
16,100,1.99411
16,100,0.969474
16,100,1.08648
16,100,0.931731
16,100,3.79618
16,100,2.18669
16,100,1.44767
16,100,0.948123
16,100,2.24085
16,100,3.60026
16,100,0.939533
16,100,2.11252
16,100,2.43354
16,100,0.968262
16,100,1.00109
16,100,0.920538
16,100,1.11811
16,100,0.976314
16,100,2.2968
16,100,0.98935
16,100,0.988227
16,100,0.985723
16,100,2.50548
16,100,2.18351
16,100,2.32995
16,100,2.27682
16,100,0.952528
16,100,0.877554
16,100,0.897059
16,100,2.28451
16,100,0.954948
16,100,1.19244
16,100,2.41971
16,100,1.1547
16,100,1.20369
16,100,3.49231
16,100,1.33111
16,100,2.4084
16,100,0.997275
16,100,1.33884
16,100,3.70154
16,100,0.885571
16,100,0.938618
16,100,2.17241
16,100,1.4884
16,100,3.22779
16,100,0.960555
16,100,1.05487
16,100,3.66333
16,100,1.40269
16,100,0.895966
16,100,2.28635
16,100,1.09571
16,100,2.23382
16,100,1.66126
16,100,2.32619
16,100,1.14521
16,100,2.18026
16,100,1.12824
16,100,0.895983
16,100,2.32572
16,100,2.44658
16,100,2.41298
16,100,2.13954
16,100,0.984135
16,100,2.14879
16,100,1.38413
16,100,3.36413
16,100,0.961141
16,100,0.951132
16,100,1.12
16,100,2.38
16,100,0.930885
16,100,2.28854
16,100,2.13623
16,100,1.2343
16,100,0.990534
16,100,2.29476
16,100,0.906179
16,100,2.26718
16,100,2.43414
16,100,2.11314
16,100,0.948498
16,100,2.19515
16,100,2.09185
16,100,1.31167
16,100,2.49979
16,100,2.13993
16,100,0.943437
16,100,1.20526
16,100,1.18564
16,100,2.36034
16,100,1.21092
16,100,2.32404
16,100,1.16167
16,100,0.984386
16,100,0.909713
16,100,1.10921
16,100,1.12179
16,100,2.32758
16,100,0.975483
16,100,1.00833
16,100,0.885959
16,100,2.31122
16,100,1.18624
16,100,0.95429
16,100,2.60182
16,100,2.28676
16,100,2.09016
16,100,0.917214
16,100,2.17441
16,100,2.20454
16,100,2.18348
16,100,2.41042
16,100,1.10556
16,100,2.28725
16,100,2.34666
16,100,2.31948
16,100,0.890084
16,100,0.926598
16,100,0.910913
16,100,3.49293
16,100,2.11789
16,100,1.08642
16,100,2.26661
16,100,1.95259
16,100,2.08535
16,100,2.32597
16,100,3.56643
16,100,0.912131
16,100,2.15636
16,100,2.45688
16,100,0.981311
16,100,2.06837
16,100,2.37683
16,100,4.18858
16,100,0.909818
16,100,4.05438
16,100,0.894552
16,100,0.938846
16,100,2.22226
16,100,0.981406
16,100,1.06658
16,100,2.24304
16,100,1.13071
16,100,0.955087
16,100,2.40965
16,100,2.46257
16,100,2.21669
16,100,0.904539
16,100,1.11257
16,100,1.38865
16,100,3.5056
16,100,2.15393
16,100,1.30965
16,100,0.937695
16,100,1.05837
16,100,0.97438
16,100,2.25323
16,100,1.10621
16,100,1.21202
16,100,1.15812
16,100,1.13147
16,100,2.16312
16,100,1.07203
16,100,1.13292
16,100,1.14454
16,100,2.36242
16,100,2.06201
16,100,2.27432
16,100,2.31663
16,100,1.05063
16,100,1.09217
16,100,2.10776
16,100,2.40709
16,100,1.09244
16,100,2.23264
16,100,1.03382
16,100,2.31449
16,100,0.968351
16,100,1.09391
16,100,2.35752
16,100,1.01229
16,100,2.2087
16,100,0.919302
16,100,2.19936
16,100,1.09498
16,100,0.857721
16,100,0.982766
16,100,0.992805
16,100,2.39147
16,100,0.996497
16,100,1.12752
16,100,2.13546
16,100,2.28903
16,100,2.09229
16,100,1.02621
16,100,2.11029
16,100,2.3853
16,100,2.49751
16,100,1.0986
16,100,1.07652
16,100,1.06916
16,100,1.00017
16,100,1.20366
16,100,1.08771
16,100,0.962864
16,100,1.00921
16,100,1.11128
16,100,0.969078
16,100,1.12664
16,100,0.974473
16,100,0.943097
16,100,1.1157
16,100,0.863893
16,100,1.14332
16,100,0.89635
16,100,2.23394
16,100,2.13923
16,100,0.984987
16,100,2.35325
16,100,0.981362
16,100,2.16893
16,100,0.861831
16,100,2.20705
16,100,1.72641
16,100,0.841531
16,100,2.42965
16,100,1.5268
16,100,0.977597
16,100,0.979887
16,100,0.988826
16,100,1.09599
16,100,1.10711
16,100,0.97978
16,100,2.43372
16,100,1.19487
16,100,2.41347
16,100,1.39516
16,100,2.43825
16,100,3.67184
16,100,1.07916
16,100,1.28177
16,100,2.36596
16,100,0.930377
16,100,1.14719
16,100,1.99422
16,100,2.44225
16,100,1.1294
16,100,2.38413
16,100,0.989759
16,100,2.43582
16,100,2.36593
16,100,1.10868
16,100,2.24377
16,100,2.10525
16,100,0.92122
16,100,1.135
16,100,0.961102
16,100,1.34215
16,100,0.988265
16,100,0.944575
16,100,2.38566
16,100,0.916177
16,100,2.07451
16,100,0.971093
16,100,0.967641
16,100,2.13607
16,100,2.17814
16,100,2.3942
16,100,2.25057
16,100,1.02001
16,100,1.41429
16,100,1.16905
16,100,2.22014
16,100,2.34228
16,100,0.891876
16,100,2.47979
16,100,2.41146
16,100,0.947254
16,100,2.23838
16,100,0.98436
16,100,1.14232
16,100,3.73594
16,100,1.03035
16,100,1.10504
16,100,1.34274
16,100,2.3517
16,100,0.896632
16,100,2.28319
16,100,0.991539
16,100,0.922649
16,100,0.94156
16,100,2.27974
16,100,0.96805
16,100,2.38779
16,100,2.33269
16,100,2.09221
16,100,2.25215
16,100,1.00321
16,100,0.898541
16,100,0.960666
16,100,4.08643
16,100,0.916234
16,100,2.21421
16,100,1.42055
16,100,2.20405
16,100,2.1323
16,100,1.26229
16,100,3.65828
16,100,1.06445
16,100,2.14288
16,100,3.5678
16,100,1.38885
16,100,2.17146
16,100,2.41888
16,100,2.3123
16,100,0.939039
16,100,1.09635
16,100,2.23337
16,100,0.98998
16,100,2.36248
16,100,0.902451
16,100,2.3111
16,100,2.03927
16,100,2.30746
16,100,0.930861
16,100,0.970878
16,100,1.43582
16,100,0.917418
16,100,0.921664
16,100,1.13813
16,100,1.21939
16,100,2.34081
16,100,0.976302
16,100,4.05025
16,100,1.35173
16,100,2.14691
16,100,0.981465
16,100,0.94766
16,100,1.13117
16,100,2.18118
16,100,2.08083
16,100,1.1472
16,100,3.67127
16,100,0.929366
16,100,0.954988
16,100,2.38369
16,100,1.22377
16,100,0.931308
16,100,0.889821
16,100,1.46167
16,100,2.08735
16,100,2.00938
16,100,1.11287
16,100,2.36159
16,100,2.13001
16,100,2.14951
16,100,1.36057
16,100,0.877148
16,100,2.10586
16,100,2.27863
16,100,1.12316
16,100,1.46024
16,100,2.51704
16,100,2.26478
16,100,1.17819
16,100,2.22454
16,100,1.26283
16,100,0.954991
16,100,0.949169
16,100,1.23199
16,100,0.92599
16,100,1.20713
16,100,1.01631
16,100,2.34495
16,100,0.862563
16,100,0.945413
16,100,1.14527
16,100,0.9064
16,100,2.12929
16,100,2.15539
16,100,3.91707
16,100,1.02385
16,100,2.34289
16,100,1.08202
16,100,1.13332
16,100,2.10604
16,100,1.39246
16,100,0.970124
16,100,2.28981
16,100,2.37491
16,100,2.19826
16,100,2.3258
16,100,2.11985
16,100,0.901791
16,100,2.39306
16,100,2.09726
16,100,2.09181
16,100,1.47714
16,100,2.37559
16,100,2.45094
16,100,0.960915
16,100,2.42936
16,100,0.911263
16,100,1.32337
16,100,2.20962
16,100,3.78859
16,100,0.96705
16,100,2.12679
16,100,2.25237
16,100,2.37586
16,100,1.4521
16,100,0.92496
16,100,2.22094
16,100,2.41535
16,100,0.93889
16,100,0.894348
16,100,1.01057
16,100,2.43052
16,100,0.957711
16,100,0.940166
16,100,1.00705
16,100,0.885244
16,100,2.25966
16,100,1.01625
16,100,1.17096
16,100,2.34194
16,100,0.949592
16,100,2.284
16,100,1.38186
16,100,1.11001
16,100,2.32527
16,100,1.42802
16,100,2.02956
16,100,0.949887
16,100,1.37879
16,100,2.2249
16,100,1.13812
16,100,1.85265
16,100,1.16287
16,100,2.10267
16,100,3.67853
16,100,3.52195
16,100,1.172
16,100,2.52871
16,100,0.932404
16,100,2.32518
16,100,0.875933
16,100,1.28135
16,100,4.05778
16,100,2.52464
16,100,1.21646
16,100,2.42462
16,100,2.25823
16,100,0.973046
16,100,2.09705
16,100,2.0325
16,100,0.873121
16,100,2.26878
16,100,2.40828
16,100,0.963934
16,100,2.22979
16,100,3.71328
16,100,0.895721
16,100,0.992444
16,100,3.92278
16,100,1.07666
16,100,1.48104
16,100,2.38439
16,100,0.898517
16,100,0.956693
16,100,2.35632
16,100,2.13051
16,100,2.15588
16,100,2.33289
16,100,1.08761
16,100,1.0876
16,100,2.17546
16,100,1.13064
16,100,1.15872
16,100,0.993741
16,100,2.23681
16,100,1.09007
16,100,1.05243
16,100,1.23239
16,100,1.16502
16,100,2.15552
16,100,1.84847
16,100,2.03946
16,100,0.91179
16,100,2.18629
16,100,1.51047
16,100,1.30163
16,100,2.1875
16,100,2.21026
16,100,2.34487
16,100,0.930611
16,100,1.01117
16,100,0.983202
16,100,2.09744
16,100,3.80124
16,100,0.920968
16,100,0.946323
16,100,4.86536
16,100,1.9185
16,100,1.0344
16,100,1.15903
16,100,1.3766
16,100,2.1915
16,100,1.1823
16,100,2.23829
16,100,2.05483
16,100,1.19778
16,100,2.1347
16,100,1.18369
16,100,1.31561
16,100,2.14536
16,100,0.967966
16,100,1.17237
16,100,0.905469
16,100,0.969453
16,100,2.27286
16,100,2.18589
16,100,0.947076
16,100,1.08976
16,100,0.890543
16,100,1.16549
16,100,1.019
16,100,0.940305
16,100,1.85279
16,100,2.4031
16,100,2.42906
16,100,3.38003
16,100,3.8398
16,100,0.954676
16,100,1.13092
16,100,0.994167
16,100,1.09669
16,100,1.42058
16,100,2.15503
16,100,0.915348
16,100,0.891595
16,100,1.18585
16,100,0.983095
16,100,1.19009
16,100,2.10492
16,100,0.979678
16,100,1.09467
16,100,1.10482
16,100,2.43657
16,100,1.04074
16,100,2.47809
16,100,0.907412
16,100,1.40642
16,100,2.45031
16,100,2.36002
16,100,1.19917
16,100,2.20211
16,100,1.12448
16,100,1.14218
16,100,1.07044
16,100,0.948218
16,100,2.2979
16,100,2.50158
16,100,0.95246
16,100,1.41071
16,100,0.935976
16,100,3.57881
16,100,0.927179
16,100,2.27604
16,100,2.33343
16,100,1.16745
16,100,1.21446
16,100,1.10336
16,100,3.96692
16,100,1.1313
16,100,0.912559
16,100,2.49335
16,100,1.06158
16,100,1.1253
16,100,2.32993
16,100,0.985658
16,100,1.12339
16,100,0.989273
16,100,1.78203
16,100,2.36877
16,100,0.915889
16,100,0.856344
16,100,0.907236
16,100,1.54767
16,100,1.12861
16,100,1.1455
16,100,1.14289
16,100,1.33723
16,100,2.26935
16,100,0.951861
16,100,3.82405
16,100,2.87232
16,100,0.902175
16,100,0.994764
16,100,2.06522
16,100,1.09942
16,100,2.45472
16,100,2.39346
16,100,1.02885
16,100,2.18797
16,100,1.32255
16,100,1.16588
16,100,2.37771
16,100,3.67882
16,100,0.928537
16,100,2.28215
16,100,2.33782
16,100,2.35628
16,100,0.982527
16,100,2.03505
16,100,1.11813
16,100,2.10372
16,100,0.892274
16,100,2.02956
16,100,0.968759
16,100,1.07653
16,100,1.24364
16,100,0.978045
16,100,1.30611
16,100,2.47796
16,100,2.09352
16,100,3.94648
16,100,2.17821
16,100,1.97887
16,100,2.06921
16,100,2.30228
16,100,2.3595
16,100,2.35276
16,100,2.08166
16,100,0.907715
16,100,2.22767
16,100,2.32624
16,100,2.18503
16,100,2.20371
16,100,2.3512
16,100,1.4421
16,100,1.09759
16,100,2.58255
16,100,2.19162
16,100,2.24049
16,100,1.78011
16,100,1.14022
16,100,1.03115
16,100,0.876026
16,100,1.1679
16,100,2.22239
16,100,1.08413
16,100,0.991774
16,100,1.17978
16,100,1.1362
16,100,2.39301
16,100,2.23004
16,100,0.983249
16,100,1.01322
16,100,0.891856
16,100,1.83354
16,100,1.13326
16,100,1.00652
16,100,0.930582
16,100,0.944088
16,100,3.61978
16,100,0.964694
16,100,0.934819
16,100,1.11472
16,100,0.893466
16,100,2.3662
16,100,1.13886
16,100,0.938884
16,100,1.0587
16,100,1.1027
16,100,1.21971
16,100,2.41635
16,100,0.991531
16,100,2.44423
16,100,0.928433
16,100,2.4797
16,100,2.30791
16,100,2.0577
16,100,1.01657
16,100,0.897138
16,100,1.16304
16,100,2.40297
16,100,2.38698
16,100,4.04472
16,100,1.49984
16,100,2.08323
16,100,1.41762
16,100,2.31822
16,100,2.14213
16,100,2.30953
16,100,1.06238
16,100,0.978907
16,100,0.93957
16,100,3.62652
16,100,2.45534
16,100,0.91544
16,100,3.72503
16,100,0.97606
16,100,1.48087
16,100,1.06148
16,100,0.961893
16,100,0.969695
16,100,0.967356
16,100,1.2583
16,100,1.15642
16,100,0.934096
16,100,1.24085
16,100,2.06428
16,100,1.61583
16,100,1.03874
16,100,0.905232
16,100,0.89378
16,100,0.97209
16,100,1.13343
16,100,1.45174
16,100,0.94562
16,100,0.99723
16,100,2.42331
16,100,1.02651
16,100,2.32911
16,100,2.32993
16,100,1.16959
16,100,2.22965
16,100,1.44519
16,100,2.19726
16,100,0.952223
16,100,0.974507
16,100,1.00948
16,100,1.0675
16,100,2.44062
16,100,2.28237
16,100,0.936534
16,100,2.14523
16,100,0.916171
16,100,2.18137
16,100,2.2662
16,100,0.87932
16,100,1.04476
16,100,0.954934
16,100,2.43398
16,100,2.19547
16,100,1.17322
16,100,4.18236
16,100,1.15481
16,100,0.997524
16,100,1.42969
16,100,0.926614
16,100,2.29541
16,100,2.37749
16,100,1.35398
16,100,0.945289
16,100,1.11628
16,100,2.44612
16,100,2.19492
16,100,0.899583
16,100,1.41366
16,100,0.954741
16,100,0.883159
16,100,2.06526
16,100,2.20271
16,100,0.978767
16,100,2.03918
16,100,0.994969
16,100,3.81744
16,100,1.60665
16,100,2.08059
16,100,2.32423
16,100,1.16022
16,100,1.17915
16,100,1.3941
16,100,2.41821
16,100,0.962183
16,100,3.4067
16,100,3.44634
16,100,2.18087
16,100,2.10414
16,100,0.951224
16,100,2.26542
16,100,3.88063
16,100,2.28587
16,100,2.20403
16,100,0.975088
16,100,2.23967
16,100,1.41239
16,100,0.934973
16,100,2.40555
16,100,0.985211
16,100,0.911137
16,100,0.944587
16,100,2.36779
16,100,0.931738
16,100,2.3688
16,100,3.82461
16,100,1.17317
16,100,1.19331
16,100,3.44595
16,100,0.975275
16,100,1.1322
16,100,2.35975
16,100,2.30164
16,100,2.24061
16,100,2.32599
16,100,2.27925
16,100,1.0447
16,100,0.950476
16,100,1.20501
16,100,2.42805
16,100,0.922657
16,100,2.33784
16,100,0.990087
16,100,3.55327
16,100,2.28027
16,100,0.946942
16,100,2.33808
16,100,1.16999
16,100,2.29968
16,100,2.1514
16,100,1.15995
16,100,0.912271
16,100,2.29226
16,100,1.39976
16,100,2.1726
16,100,0.942611
16,100,1.9849
16,100,0.97839
16,100,1.08484
16,100,0.987599
16,100,1.16494
16,100,2.43978
16,100,0.95795
16,100,0.963623
16,100,1.02207
16,100,3.50902
16,100,2.13916
16,100,2.33639
16,100,2.15486
16,100,2.29155
16,100,0.942431
16,100,2.03631
16,100,2.41116
16,100,2.34673
16,100,3.6815
16,100,2.47015
16,100,2.12978
16,100,0.970411
16,100,0.933947
16,100,2.0986
16,100,0.93949
16,100,0.93779
16,100,2.44242
16,100,2.31292
16,100,0.937267
16,100,0.925627
16,100,2.22502
16,100,1.21919
16,100,1.31492
16,100,0.960645
16,100,1.15976
16,100,3.60897
16,100,1.09598
16,100,0.883305
16,100,2.31449
16,100,2.37533
16,100,2.17084
16,100,1.36637
16,100,1.36375
16,100,2.2986
16,100,0.926909
16,100,1.09957
16,100,1.71452
16,100,1.19231
16,100,0.988943
16,100,2.49108
16,100,1.14076
16,100,1.08584
16,100,1.20952
16,100,3.97279
16,100,0.912467
16,100,1.48533
16,100,3.05892
16,100,0.978953
16,100,2.26011
16,100,0.912508
16,100,2.43972
16,100,1.42884
16,100,3.38561
16,100,0.956209
16,100,3.61941
16,100,1.00008
16,100,1.26275
16,100,1.89965
16,100,0.966275
16,100,0.995648
16,100,0.881081
16,100,2.28964
16,100,4.09171
16,100,0.998005
16,100,0.937243
16,100,2.37555
16,100,0.977626
16,100,0.949889
16,100,0.939016
16,100,0.947499
16,100,1.00006
16,100,1.19469
16,100,2.30514
16,100,0.88941
16,100,1.16423
16,100,1.00741
16,100,0.930102
16,100,2.33344
16,100,1.83728
16,100,1.44883
16,100,0.964504
16,100,1.16515
16,100,1.09904
16,100,1.01452
16,100,1.07942
16,100,1.14316
16,100,2.05785
16,100,0.901862
16,100,1.16831
16,100,0.940369
16,100,0.9853
16,100,2.1891
16,100,2.41061
16,100,0.954728
16,100,0.982501
16,100,0.868525
16,100,0.9383
16,100,2.0924
16,100,1.07763
16,100,2.38931
16,100,2.4515
16,100,2.38678
16,100,1.10647
16,100,1.45037
16,100,3.39097
16,100,1.4697
16,100,3.67407
16,100,3.68366
16,100,1.09311
16,100,0.985625
16,100,2.13316
16,100,0.936554
16,100,1.16981
16,100,0.95553
16,100,1.19628
16,100,1.04519
16,100,0.949965
16,100,2.05981
16,100,2.20622
16,100,1.12067
16,100,0.967167
16,100,2.18841
16,100,1.36104
16,100,0.946275
16,100,2.36645
16,100,0.985736
16,100,3.3927
16,100,3.61237
16,100,1.14721
16,100,2.23419
16,100,1.12929
16,100,1.0769
16,100,2.25901
16,100,2.18708
16,100,2.38384
16,100,2.42017
16,100,0.991911
16,100,0.96191
16,100,2.1749
16,100,1.11331
16,100,0.903774
16,100,3.51334
16,100,0.928947
16,100,0.93579
16,100,2.25639
16,100,2.04114
16,100,0.979709
16,100,1.50767
16,100,2.38508
16,100,2.15439
16,100,0.910001
16,100,2.22146
16,100,1.03719
16,100,0.924275
16,100,2.09867
16,100,1.26637
16,100,1.13202
16,100,2.38859
16,100,2.35945
16,100,0.846459
16,100,2.06868
16,100,1.32616
16,100,1.31667
16,100,2.44827
16,100,1.14022
16,100,2.21116
16,100,2.18486
16,100,1.04969
16,100,1.18632
16,100,0.925898
16,100,1.20189
16,100,3.51855
16,100,1.12691
16,100,2.37114
16,100,1.45409
16,100,2.35455
16,100,2.4276
16,100,1.27092
16,100,1.15465
16,100,0.993771
16,100,1.02141
16,100,2.39741
16,100,1.09207
16,100,2.27365
16,100,1.00125
16,100,1.13566
16,100,3.64187
16,100,1.14267
16,100,1.20822
16,100,0.880739
16,100,1.64043
16,100,1.42447
16,100,2.14805
16,100,2.20401
16,100,2.19234
16,100,2.22176
16,100,2.01721
16,100,2.3459
16,100,1.07572
16,100,2.06995
16,100,2.08595
16,100,0.94765
16,100,4.08635
16,100,2.233
16,100,1.00823
16,100,0.968969
16,100,1.11244
16,100,2.33789
16,100,2.24688
16,100,1.09867
16,100,2.36882
16,100,1.37565
16,100,2.30414
16,100,0.951088
16,100,1.21435
16,100,3.50912
16,100,1.30745
16,100,3.96111
16,100,1.05446
16,100,1.27771
16,100,2.36015
16,100,2.42598
16,100,2.39688
16,100,2.05118
16,100,1.26412
16,100,0.946947
16,100,3.66231
16,100,0.953309
16,100,2.14417
16,100,2.38656
16,100,0.949424
16,100,0.899
16,100,0.969958
16,100,2.21064
16,100,2.05838
16,100,3.55967
16,100,1.0259
16,100,0.915133
16,100,1.48752
16,100,1.03985
16,100,1.16099
16,100,0.979084
16,100,3.49168
16,100,0.923585
16,100,0.912379
16,100,1.22994
16,100,2.20687
16,100,2.41083
16,100,1.111
16,100,2.08773
16,100,1.51589
16,100,2.04143
16,100,1.20994
16,100,0.969492
16,100,2.17076
16,100,0.975873
16,100,3.79277
16,100,1.00272
16,100,1.16157
16,100,1.0026
16,100,0.91762
16,100,2.33292
16,100,2.22703
16,100,2.38611
16,100,2.16347
16,100,2.29145
16,100,2.38239
16,100,0.908109
16,100,3.80594
16,100,2.24263
16,100,0.99286
16,100,1.18782
16,100,1.14213
16,100,1.5355
16,100,2.22346
16,100,0.923217
16,100,2.13851
16,100,2.34009
16,100,3.7075
16,100,2.48762
16,100,2.11515
16,100,2.20723
16,100,2.23521
16,100,2.1762
16,100,1.05872
16,100,1.11688
16,100,1.12877
16,100,0.856929
16,100,0.972649
16,100,0.910292
16,100,3.5336
16,100,0.919952
16,100,0.941369
16,100,1.04417
16,100,0.928713
16,100,1.07125
16,100,1.40917
16,100,3.90734
16,100,2.28746
16,100,2.37573
16,100,2.21667
16,100,0.954112
16,100,0.976674
16,100,2.31393
16,100,0.947592
16,100,2.32334
16,100,1.37749
16,100,2.41783
16,100,1.13454
16,100,2.38441
16,100,1.23175
16,100,2.16848
16,100,1.10119
16,100,2.27534
16,100,1.13437
16,100,2.3109
16,100,0.905551
16,100,1.23989
16,100,1.99476
16,100,0.875919
16,100,1.32877
16,100,1.16601
16,100,2.25951
16,100,2.41511
16,100,1.00067
16,100,1.25926
16,100,1.15535
16,100,0.850128
16,100,2.33387
16,100,1.2547
16,100,1.13392
16,100,2.35503
16,100,1.35954
16,100,2.50015
16,100,2.13927
16,100,2.11321
16,100,2.25795
16,100,1.1449
16,100,0.884239
16,100,1.00081
16,100,0.992711
16,100,0.87058
16,100,0.976839
16,100,1.29425
16,100,2.35642
16,100,0.873386
16,100,3.37754
16,100,0.937966
16,100,2.08197
16,100,0.97097
16,100,0.864266
16,100,1.11722
16,100,1.07942
16,100,0.998387
16,100,2.39116
16,100,0.883631
16,100,1.13851
16,100,1.1365
16,100,2.35898
16,100,0.968014
16,100,3.50068
16,100,1.2454
16,100,2.28891
16,100,1.31115
16,100,1.10614
16,100,2.49077
16,100,2.05622
16,100,0.923295
16,100,0.889466
16,100,2.41026
16,100,3.61432
16,100,2.20671
16,100,0.91975
16,100,2.30568
16,100,2.11141
16,100,0.919624
16,100,3.63029
16,100,2.34237
16,100,3.50214
16,100,2.24566
16,100,2.38215
16,100,0.958845
16,100,1.12948
16,100,0.984394
16,100,2.43962
16,100,1.10325
16,100,0.951913
16,100,2.24968
16,100,1.13158
16,100,0.886811
16,100,0.950745
16,100,3.69232
16,100,1.04366
16,100,0.94524
16,100,2.36187
16,100,1.11988
16,100,0.961141
16,100,2.35833
16,100,1.16732
16,100,0.93284
16,100,0.892241
16,100,1.07399
16,100,2.44806
16,100,1.18411
16,100,2.0487
16,100,0.931451
16,100,1.35937
16,100,2.43887
16,100,1.19657
16,100,1.03308
16,100,2.30036
16,100,2.33774
16,100,2.32893
16,100,1.06216
16,100,1.10248
16,100,1.63033
16,100,0.950394
16,100,2.08802
16,100,0.936033
16,100,1.97524
16,100,2.14154
16,100,3.51362
16,100,0.926592
16,100,0.901168
16,100,2.25237
16,100,0.914163
16,100,1.08865
16,100,0.949748
16,100,2.32897
16,100,3.41855
16,100,2.38726
16,100,2.12835
16,100,2.19186
16,100,2.31007
16,100,1.04068
16,100,1.00288
16,100,1.00947
16,100,2.1696
16,100,2.17127
16,100,2.28412
16,100,0.960464
16,100,2.08691
16,100,3.61844
16,100,3.17282
16,100,2.39912
16,100,2.36291
16,100,2.07228
16,100,2.56814
16,100,2.31736
16,100,1.00822
16,100,1.99151
16,100,2.35317
16,100,1.36746
16,100,0.96269
16,100,1.22
16,100,2.19734
16,100,1.10299
16,100,2.39446
16,100,2.07679
16,100,1.34212
16,100,3.71279
16,100,0.913688
16,100,2.13018
16,100,0.935815
16,100,2.22136
16,100,1.97968
16,100,1.26965
16,100,0.947518
16,100,1.20437
16,100,1.03292
16,100,1.15208
16,100,1.03864
16,100,1.08607
16,100,2.1855
16,100,2.38327
16,100,0.926259
16,100,1.9918
16,100,2.12126
16,100,2.13204
16,100,2.40314
16,100,1.11276
16,100,2.14504
16,100,1.26899
16,100,2.18099
16,100,2.30624
16,100,3.82116
16,100,2.20761
16,100,0.933328
16,100,0.898544
16,100,1.15711
16,100,2.08191
16,100,2.13349
16,100,2.41052
16,100,0.87969
16,100,2.23677
16,100,1.19474
16,100,1.72018
16,100,2.12187
16,100,1.01028
16,100,2.35844
16,100,2.11247
16,100,1.09395
16,100,2.38679
16,100,1.50804
16,100,4.3618
16,100,0.925791
16,100,2.2859
16,100,2.4937
16,100,1.15334
16,100,0.979436
16,100,0.923688
16,100,1.01605
16,100,1.45965
16,100,2.43382
16,100,3.43082
16,100,2.43885
16,100,2.03353
16,100,1.02855
16,100,3.34325
16,100,1.02435
16,100,0.919535
16,100,2.32127
16,100,0.933448
16,100,1.06478
16,100,0.946718
16,100,0.948248
16,100,2.21689
16,100,1.1208
16,100,1.32552
16,100,0.950062
16,100,1.16906
16,100,1.06437
16,100,2.24179
16,100,1.06072
16,100,1.10276
16,100,1.14789
16,100,0.968001
16,100,1.00771
16,100,2.27643
16,100,2.2284
16,100,1.08136
16,100,3.53235
16,100,1.40288
16,100,0.948418
16,100,0.882513
16,100,2.16613
16,100,1.05618
16,100,0.927073
16,100,2.39212
16,100,1.90622
16,100,0.96187
16,100,0.915979
16,100,2.34449
16,100,2.19276
16,100,2.21287
16,100,1.18789
16,100,3.57981
16,100,3.73604
16,100,0.868598
16,100,2.10216
16,100,3.83225
16,100,0.958076
16,100,2.50391
16,100,2.28416
16,100,1.36956
16,100,0.969666
16,100,2.26845
16,100,0.959833
16,100,1.16201
16,100,0.960077
16,100,2.34306
16,100,2.30363
16,100,1.11062
16,100,0.893305
16,100,1.32183
16,100,0.989956
16,100,1.40543
16,100,2.48333
16,100,1.16378
16,100,1.15914
16,100,3.64185
16,100,0.929218
16,100,2.24519
16,100,2.28045
16,100,3.40134
16,100,2.13145
16,100,2.32978
16,100,1.38908
16,100,0.946616
16,100,0.877718
16,100,0.934768
16,100,2.22158
16,100,1.0776
16,100,3.77224
16,100,1.09731
16,100,2.40687
16,100,0.963577
16,100,0.917158
16,100,1.40265
16,100,1.14588
16,100,1.69887
16,100,2.28355
16,100,0.943076
16,100,0.893379
16,100,1.10363
16,100,2.34441
16,100,0.982949
16,100,2.29262
16,100,0.872024
16,100,2.36751
16,100,1.39133
16,100,1.19771
16,100,0.918298
16,100,4.2568
16,100,1.26751
16,100,2.34969
16,100,1.13267
16,100,3.48335
16,100,2.3367
16,100,4.84639
16,100,2.04717
16,100,1.19771
16,100,3.54716
16,100,0.983475
16,100,2.22129
16,100,0.944967
16,100,1.07503
16,100,2.39776
16,100,0.967324
16,100,1.15945
16,100,1.08252
16,100,0.935265
16,100,3.6261
16,100,1.14731
16,100,2.52604
16,100,2.36569
16,100,2.17693
16,100,2.31013
16,100,1.02861
16,100,2.08949
16,100,0.970197
16,100,3.63568
16,100,1.17035
16,100,0.851143
16,100,1.11148
16,100,2.08012
16,100,2.19994
16,100,2.39992
16,100,1.97186
16,100,1.31792
16,100,2.12973
16,100,0.985295
16,100,2.06303
16,100,2.08531
16,100,2.43616
16,100,0.863109
16,100,2.36745
16,100,0.967471
16,100,1.17153
16,100,0.950854
16,100,2.40283
16,100,2.45857
16,100,3.48384
16,100,2.35227
16,100,1.17541
16,100,1.12545
16,100,2.25516
16,100,1.02464
16,100,4.00804
16,100,1.06416
16,100,0.966316
16,100,2.16893
16,100,2.333
16,100,2.08535
16,100,1.47666
16,100,3.45694
16,100,2.08261
16,100,2.18433
16,100,1.2332
16,100,2.25192
16,100,2.39879
16,100,3.78891
16,100,2.28902
16,100,1.43156
16,100,1.11112
16,100,0.943001
16,100,2.20419
16,100,2.93031
16,100,1.19107
16,100,0.982396
16,100,2.24887
16,100,0.982541
16,100,2.1366
16,100,3.65509
16,100,1.14747
16,100,2.07865
16,100,0.951593
16,100,3.59582
16,100,2.21782
16,100,0.979014
16,100,1.0472
16,100,1.06257
16,100,2.05212
16,100,1.98306
16,100,2.29797
16,100,0.997641
16,100,2.13629
16,100,2.30667
16,100,1.12612
16,100,2.2152
16,100,2.06526
16,100,1.65754
16,100,2.55872
16,100,0.961743
16,100,2.23424
16,100,1.09432
16,100,2.36444
16,100,2.16293
16,100,1.58306
16,100,2.08329
16,100,1.12445
16,100,1.44562
16,100,1.0925
16,100,1.08071
16,100,0.929786
16,100,1.87841
16,100,2.43409
16,100,2.12381
16,100,1.1128
16,100,1.01151
16,100,2.38071
16,100,1.25294
16,100,3.70913
16,100,2.17031
16,100,0.887734
16,100,2.38914
16,100,1.12157
16,100,4.06595
16,100,2.29242
16,100,1.19479
16,100,3.77399
16,100,2.47184
16,100,2.40228
16,100,2.05773
16,100,1.14633
16,100,0.981598
16,100,2.23822
16,100,2.10541
16,100,0.962576
16,100,2.15322
16,100,2.31728
16,100,0.967426
16,100,0.950202
16,100,2.35339
16,100,1.3768
16,100,1.45494
16,100,0.938438
16,100,1.11698
16,100,1.33334
16,100,1.06782
16,100,1.03937
16,100,0.915504
16,100,0.967487
16,100,1.0643
16,100,3.89933
16,100,2.54741
16,100,2.21991
16,100,0.934524
16,100,0.883044
16,100,1.39083
16,100,0.951855
16,100,3.68945
16,100,2.20468
16,100,1.08335
16,100,1.06556
16,100,3.548
16,100,0.906402
16,100,2.09563
16,100,2.16576
16,100,0.92134
16,100,2.25964
16,100,0.895105
16,100,1.06659
16,100,2.4195
16,100,3.19357
16,100,0.980396
16,100,2.06746
16,100,2.31344
16,100,1.19365
16,100,2.28366
16,100,0.880703
16,100,0.911076
16,100,3.97398
16,100,2.12565
16,100,2.08658
16,100,0.891494
16,100,2.26258
16,100,2.24525
16,100,2.11853
16,100,1.41547
16,100,0.956344
16,100,0.958401
16,100,2.21666
16,100,0.957735
16,100,3.41224
16,100,1.26568
16,100,2.36363
16,100,1.1462
16,100,1.2313
16,100,2.18668
16,100,1.11175
16,100,0.94048
16,100,3.77044
16,100,0.931931
16,100,0.945502
16,100,1.40003
16,100,1.14207
16,100,2.29708
16,100,1.03631
16,100,1.10975
16,100,0.94485
16,100,2.28488
16,100,2.18267
16,100,0.935204
16,100,1.02359
16,100,1.11917
16,100,2.1791
16,100,2.40304
16,100,0.967212
16,100,0.924686
16,100,1.27147
16,100,0.936488
16,100,1.31889
16,100,0.964472
16,100,1.16879
16,100,2.35341
16,100,0.89253
16,100,0.85587
16,100,4.01143
16,100,2.28293
16,100,2.3774
16,100,2.31422
16,100,3.40617
16,100,0.879126
16,100,0.97338
16,100,1.72862
16,100,2.00669
16,100,2.32093
16,100,2.33636
16,100,2.51668
16,100,2.03087
16,100,2.3239
16,100,2.07138
16,100,0.921399
16,100,2.26551
16,100,2.32933
16,100,2.19137
16,100,0.885987
16,100,0.947816
16,100,2.37271
16,100,2.36552
16,100,1.05115
16,100,1.04336
16,100,2.09276
16,100,2.18635
16,100,0.914254
16,100,0.975344
16,100,3.85255
16,100,1.09895
16,100,1.11253
16,100,0.95055
16,100,3.80154
16,100,1.61089
16,100,0.933191
16,100,1.20714
16,100,1.19497
16,100,0.943135
16,100,2.32395
16,100,1.13253
16,100,2.18946
16,100,2.3685
16,100,2.13778
16,100,2.34915
16,100,2.17105
16,100,2.43122
16,100,2.40857
16,100,2.47717
16,100,1.4384
16,100,2.19873
16,100,2.3125
16,100,1.08343
16,100,2.47329
16,100,1.35617
16,100,1.02019
16,100,0.905938
16,100,2.34149
16,100,1.09866
16,100,0.995581
16,100,0.962979
16,100,2.27691
16,100,2.16601
16,100,0.907622
16,100,0.931793
16,100,1.13421
16,100,1.05933
16,100,0.932512
16,100,0.906408
16,100,1.15244
16,100,1.01581
16,100,1.16995
16,100,1.17811
16,100,4.06642
16,100,1.21332
16,100,2.38432
16,100,2.16812
16,100,0.965552
16,100,1.13565
16,100,2.10995
16,100,0.94148
16,100,2.21239
16,100,0.865038
16,100,1.52354
16,100,1.1223
16,100,1.01768
16,100,2.25776
16,100,2.5039
16,100,1.0958
16,100,2.13806
16,100,1.97472
16,100,1.12722
16,100,1.05963
16,100,2.18955
16,100,2.20084
16,100,1.07884
16,100,2.3632
16,100,2.13907
16,100,1.04782
16,100,0.943061
16,100,2.29892
16,100,1.00026
16,100,3.9148
16,100,3.97615
16,100,2.37747
16,100,2.19594
16,100,2.41832
16,100,2.16087
16,100,0.940208
16,100,2.40503
16,100,0.915962
16,100,2.42435
16,100,1.36581
16,100,2.30048
16,100,2.36362
16,100,2.14595
16,100,0.965395
16,100,3.56529
16,100,2.00972
16,100,1.05882
16,100,1.08136
16,100,1.32764
16,100,2.18914
16,100,1.06981
16,100,1.13555
16,100,2.07725
16,100,1.00487
16,100,2.15374
16,100,1.14101
16,100,1.02923
16,100,2.02295
16,100,2.09923
16,100,1.48741
16,100,1.05158
16,100,0.961156
16,100,2.83454
16,100,2.39218
16,100,2.1031
16,100,0.902962
16,100,1.09773
16,100,1.07502
16,100,2.09483
16,100,1.18187
16,100,0.927879
16,100,2.17202
16,100,1.01635
16,100,1.12841
16,100,0.972289
16,100,2.13369
16,100,0.936005
16,100,2.09793
16,100,2.31881
16,100,0.932706
16,100,0.915271
16,100,2.09029
16,100,3.46662
16,100,3.52191
16,100,1.70738
16,100,1.17012
16,100,0.888432
16,100,2.32911
16,100,0.99749
16,100,2.38648
16,100,1.11785
16,100,2.31936
16,100,0.960377
16,100,1.34857
16,100,1.09347
16,100,1.08934
16,100,1.00114
16,100,2.35633
16,100,1.3027
16,100,1.08477
16,100,2.35595
16,100,2.30017
16,100,3.87502
16,100,2.48522
16,100,1.14521
16,100,0.983577
16,100,1.13346
16,100,0.940531
16,100,2.35701
16,100,1.18727
16,100,0.881377
16,100,1.99587
16,100,2.36509
16,100,0.948481
16,100,2.3159
16,100,2.09024
16,100,1.07025
16,100,0.94048
16,100,4.04015
16,100,1.09229
16,100,3.58499
16,100,2.11343
16,100,2.10089
16,100,1.16602
16,100,1.0639
16,100,1.09881
16,100,0.933674
16,100,2.00865
16,100,2.22919
16,100,2.2119
16,100,1.02496
16,100,2.13936
16,100,2.25901
16,100,1.49593
16,100,1.13902
16,100,0.983454
16,100,2.28161
16,100,0.972616
16,100,1.12286
16,100,1.21964
16,100,0.999307
16,100,1.34104
16,100,3.48362
16,100,1.0766
16,100,2.11098
16,100,2.11638
16,100,2.2092
16,100,2.07717
16,100,0.982903
16,100,0.970712
16,100,1.03144
16,100,0.925431
16,100,2.30526
16,100,2.31515
16,100,2.33567
16,100,2.39527
16,100,0.949451
16,100,2.38969
16,100,0.895493
16,100,0.915347
16,100,1.43304
16,100,1.00879
16,100,2.36872
16,100,3.70915
16,100,0.973056
16,100,0.889123
16,100,2.31854
16,100,1.77767
16,100,1.38956
16,100,0.874573
16,100,2.125
16,100,0.952778
16,100,3.56305
16,100,0.950203
16,100,1.09158
16,100,2.21383
16,100,2.34707
16,100,1.15174
16,100,3.89924
16,100,0.957202
16,100,0.999564
16,100,1.15454
16,100,2.34035
16,100,3.47453
16,100,2.42164
16,100,2.38473
16,100,2.33689
16,100,0.904022
16,100,1.01359
16,100,0.971169
16,100,0.942659
16,100,2.07066
16,100,1.26557
16,100,1.10699
16,100,1.24317
16,100,1.12285
16,100,2.11683
16,100,0.974671
16,100,0.941095
16,100,0.965146
16,100,1.49918
16,100,2.39033
16,100,2.32925
16,100,4.16376
16,100,1.09658
16,100,2.2432
16,100,0.927598
16,100,0.930976
16,100,1.1009
16,100,1.12393
16,100,2.38151
16,100,1.66528
16,100,0.977432
16,100,0.925176
16,100,1.14833
16,100,2.12473
16,100,1.14597
16,100,2.10927
16,100,2.41965
16,100,1.21637
16,100,1.06654
16,100,2.36053
16,100,2.39063
16,100,0.904543
16,100,3.54929
16,100,2.31734
16,100,3.8859
16,100,4.05378
16,100,1.03862
16,100,0.950228
16,100,1.40543
16,100,0.934621
16,100,1.27707
16,100,0.9569
16,100,0.926772
16,100,1.17854
16,100,0.975421
16,100,2.458
16,100,2.25204
16,100,2.38938
16,100,1.10688
16,100,2.31999
16,100,2.34814
16,100,1.94537
16,100,1.02892
16,100,0.890806
16,100,2.37733
16,100,3.80085
16,100,2.24804
16,100,2.20163
16,100,2.22109
16,100,1.18664
16,100,2.36171
16,100,2.28005
16,100,2.59693
16,100,2.30493
16,100,2.03898
16,100,2.27787
16,100,0.940838
16,100,2.10752
16,100,2.17842
16,100,0.95589
16,100,0.879618
16,100,1.10838
16,100,2.07964
16,100,2.27185
16,100,2.35114
16,100,2.5069
16,100,0.915643
16,100,4.11042
16,100,2.25366
16,100,1.18187
16,100,2.27369
16,100,0.971275
16,100,0.989009
16,100,1.11418
16,100,1.07387
16,100,1.14968
16,100,3.52814
16,100,0.947992
16,100,1.0218
16,100,2.37651
16,100,2.34264
16,100,2.17384
16,100,2.26619
16,100,1.07178
16,100,2.15667
16,100,1.48638
16,100,0.926654
16,100,1.28537
16,100,0.897518
16,100,0.95204
16,100,2.12163
16,100,1.95102
16,100,0.943876
16,100,2.31896
16,100,2.2895
16,100,0.945113
16,100,2.30606
16,100,0.974095
16,100,2.48552
16,100,0.915325
16,100,0.943908
16,100,0.971687
16,100,0.961716
16,100,1.13992
16,100,1.4279
16,100,2.17386
16,100,0.91859
16,100,1.03984
16,100,1.15484
16,100,1.14957
16,100,0.917786
16,100,2.16876
16,100,0.907161
16,100,0.877322
16,100,2.12329
16,100,2.23636
16,100,0.933554
16,100,1.11942
16,100,2.37059
16,100,1.11061
16,100,2.38667
16,100,1.20029
16,100,1.33496
16,100,1.87845
16,100,1.02576
16,100,0.88937
16,100,0.989146
16,100,0.939173
16,100,2.04139
16,100,2.33552
16,100,1.25056
16,100,2.18092
16,100,1.52823
16,100,1.12549
16,100,1.31617
16,100,2.38189
16,100,2.4252
16,100,2.31859
16,100,3.83814
16,100,2.36145
16,100,0.972967
16,100,2.29276
16,100,2.47556
16,100,2.21152
16,100,2.25208
16,100,0.963441
16,100,0.938179
16,100,1.11025
16,100,4.34774
16,100,2.38981
16,100,2.31983
16,100,2.22854
16,100,0.896388
16,100,2.42455
16,100,2.25412
16,100,2.33117
16,100,1.54731
16,100,0.900549
16,100,3.24525
16,100,2.19234
16,100,1.40789
16,100,1.13095
16,100,1.13823
16,100,2.13735
16,100,0.961906
16,100,2.21559
16,100,2.38184
16,100,2.31376
16,100,2.18751
16,100,1.99742
16,100,1.11465
16,100,3.26181
16,100,1.13025
16,100,1.12423
16,100,0.981111
16,100,2.31263
16,100,2.21409
16,100,1.13753
16,100,0.997975
16,100,2.21495
16,100,1.31202
16,100,2.44095
16,100,2.17536
16,100,0.905833
16,100,2.18944
16,100,1.1874
16,100,1.39262
16,100,0.979521
16,100,1.21328
16,100,0.978837
16,100,2.05871
16,100,2.31077
16,100,0.945141
16,100,1.88556
16,100,1.04434
16,100,1.15389
16,100,1.16024
16,100,2.45698
16,100,1.68661
16,100,2.09595
16,100,0.917762
16,100,0.898705
16,100,2.26757
16,100,1.11469
16,100,2.14858
16,100,2.3393
16,100,0.93911
16,100,2.24599
16,100,1.31013
16,100,1.0762
16,100,1.57023
16,100,2.35153
16,100,2.22204
16,100,0.930659
16,100,2.49328
16,100,0.867324
16,100,1.04781
16,100,1.46018
16,100,1.12902
16,100,2.1801
16,100,1.15757
16,100,6.18811
16,100,3.81881
16,100,0.949796
16,100,0.978878
16,100,3.6499
16,100,3.58441
16,100,0.863771
16,100,3.64363
16,100,2.3615
16,100,0.981537
16,100,1.49091
16,100,2.10271
16,100,5.49158
16,100,3.70477
16,100,0.951953
16,100,2.38112
16,100,1.15364
16,100,1.02548
16,100,2.39492
16,100,0.920005
16,100,0.964323
16,100,1.34978
16,100,1.08585
16,100,2.43223
16,100,2.25447
16,100,1.08378
16,100,1.01275
16,100,1.13306
16,100,0.906896
16,100,0.930936
16,100,1.09614
16,100,2.38678
16,100,2.38841
16,100,0.92233
16,100,2.11546
16,100,2.25603
16,100,2.36431
16,100,0.895558
16,100,1.06693
16,100,2.2203
16,100,2.26814
16,100,2.17997
16,100,2.4482
16,100,2.2686
16,100,0.965584
16,100,0.93538
16,100,1.03583
16,100,4.74814
16,100,3.38987
16,100,1.23908
16,100,2.0426
16,100,2.36113
16,100,3.70818
16,100,1.02182
16,100,1.16756
16,100,1.02414
16,100,0.87199
16,100,2.36915
16,100,1.36636
16,100,1.18845
16,100,1.19879
16,100,0.894878
16,100,0.915591
16,100,0.96784
16,100,2.44593
16,100,1.08954
16,100,1.16452
16,100,2.47729
16,100,1.04297
16,100,1.14688
16,100,3.51389
16,100,1.11762
16,100,1.16763
16,100,0.993993
16,100,0.922393
16,100,2.37507
16,100,2.40685
16,100,1.09304
16,100,2.28374
16,100,0.960211
16,100,2.36953
16,100,2.19022
16,100,1.38615
16,100,2.26495
16,100,2.40376
16,100,3.40052
16,100,1.27063
16,100,2.13121
16,100,2.23697
16,100,2.18234
16,100,2.3564
16,100,0.94914
16,100,1.09222
16,100,2.12466
16,100,1.22125
16,100,1.01171
16,100,1.06375
16,100,2.28848
16,100,2.34556
16,100,1.38745
16,100,0.905985
16,100,0.934855
16,100,2.0794
16,100,1.11199
16,100,1.11887
16,100,1.54791
16,100,0.97643
16,100,2.41958
16,100,1.03336
16,100,0.827144
16,100,2.27034
16,100,0.995176
16,100,1.44586
16,100,1.4059
16,100,1.57232
16,100,0.925645
16,100,3.6946
16,100,2.36821
16,100,1.97737
16,100,0.988145
16,100,2.4145
16,100,0.930967
16,100,1.10156
16,100,1.01444
16,100,1.10597
16,100,1.11715
16,100,2.35141
16,100,2.50048
16,100,2.17587
16,100,0.930428
16,100,0.894452
16,100,2.34612
16,100,1.10816
16,100,0.984588
16,100,2.2676
16,100,1.21475
16,100,3.83847
16,100,1.08143
16,100,1.15352
16,100,2.21114
16,100,1.13897
16,100,2.35698
16,100,3.95002
16,100,2.301
16,100,0.95902
16,100,3.79814
16,100,0.919659
16,100,1.08729
16,100,1.15926
16,100,2.30759
16,100,0.960067
16,100,2.45477
16,100,1.37394
16,100,0.924659
16,100,0.873678
16,100,4.97158
16,100,2.16452
16,100,0.916349
16,100,1.00333
16,100,1.47941
16,100,0.917941
16,100,3.56753
16,100,3.69462
16,100,0.942787
16,100,0.922344
16,100,0.981102
16,100,0.954129
16,100,1.12159
16,100,1.07516
16,100,0.865784
16,100,2.18592
16,100,2.42742
16,100,0.890958
16,100,1.02229
16,100,1.11529
16,100,2.29917
16,100,2.4111
16,100,2.47072
16,100,2.17564
16,100,0.925898
16,100,2.30626
16,100,2.4419
16,100,2.15859
16,100,0.995851
16,100,1.01395
16,100,2.41018
16,100,2.2348
16,100,2.02607
16,100,1.58844
16,100,0.901865
16,100,4.19391
16,100,2.28022
16,100,2.16445
16,100,0.973104
16,100,0.963438
16,100,2.14439
16,100,0.983284
16,100,0.986478
16,100,1.11731
16,100,3.91075
16,100,0.931609
16,100,1.01055
16,100,2.12753
16,100,0.959667
16,100,3.71358
16,100,1.08733
16,100,1.68171
16,100,2.18796
16,100,2.14923
16,100,2.29914
16,100,3.57873
16,100,0.986825
16,100,2.04041
16,100,2.34748
16,100,2.13359
16,100,2.38669
16,100,0.957868
16,100,1.05621
16,100,2.37277
16,100,2.30182
16,100,2.21998
16,100,1.00393
16,100,0.875734
16,100,2.26662
16,100,0.980924
16,100,1.1831
16,100,2.3406
16,100,1.3947
16,100,0.975839
16,100,1.10315
16,100,1.28021
16,100,2.36529
16,100,3.60672
16,100,1.12139
16,100,1.13049
16,100,2.2693
16,100,2.1868
16,100,2.20929
16,100,2.47364
16,100,1.18944
16,100,0.970555
16,100,0.992855
16,100,3.36258
16,100,2.22917
16,100,3.88982
16,100,0.913104
16,100,1.16908
16,100,1.16154
16,100,0.838185
16,100,2.37471
16,100,0.898624
16,100,1.11891
16,100,2.3944
16,100,0.892937
16,100,2.06196
16,100,1.09943
16,100,2.37297
16,100,2.3346
16,100,3.83031
16,100,0.96127
16,100,1.06601
16,100,1.01035
16,100,1.25667
16,100,1.01669
16,100,2.23051
16,100,3.92304
16,100,2.17193
16,100,0.983886
16,100,0.966203
16,100,1.10868
16,100,1.01358
16,100,0.970896
16,100,0.911355
16,100,0.99198
16,100,1.4518
16,100,2.23947
16,100,0.967092
16,100,2.29023
16,100,3.76392
16,100,1.15083
16,100,3.86258
16,100,1.08962
16,100,1.32695
16,100,0.946326
16,100,1.42154
16,100,0.990679
16,100,1.09621
16,100,1.01025
16,100,2.3218
16,100,0.967039
16,100,2.34262
16,100,0.964691
16,100,1.62161
16,100,2.28624
16,100,3.62888
16,100,0.890439
16,100,1.11043
16,100,0.945667
16,100,2.29803
16,100,1.01698
16,100,1.07787
16,100,0.96337
16,100,2.37127
16,100,0.977625
16,100,1.31681
16,100,1.11635
16,100,0.891624
16,100,1.40985
16,100,2.07826
16,100,2.21119
16,100,2.39861
16,100,2.04643
16,100,1.32612
16,100,0.895093
16,100,1.09943
16,100,1.18348
16,100,2.24726
16,100,1.14609
16,100,1.42062
16,100,0.932575
16,100,3.68596
16,100,1.29492
16,100,2.33841
16,100,0.874479
16,100,0.992965
16,100,1.10884
16,100,0.969089
16,100,1.12543
16,100,1.17648
16,100,0.93677
16,100,2.11289
16,100,2.341
16,100,1.06033
16,100,2.14844
16,100,1.14675
16,100,2.31671
16,100,0.935364
16,100,2.35593
16,100,1.10638
16,100,2.41524
16,100,1.09688
16,100,2.12797
16,100,0.985999
16,100,2.36228
16,100,1.34534
16,100,1.13347
16,100,2.31589
16,100,0.879453
16,100,0.93106
16,100,0.935072
16,100,2.36946
16,100,0.988349
16,100,0.90016
16,100,1.10926
16,100,0.892679
16,100,2.13568
16,100,1.19633
16,100,2.41783
16,100,2.26661
16,100,2.29892
16,100,1.20337
16,100,1.08415
16,100,3.37554
16,100,4.12996
16,100,3.669
16,100,2.29619
16,100,3.58421
16,100,3.92712
16,100,1.33282
16,100,3.58291
16,100,1.11109
16,100,2.28427
16,100,3.13912
16,100,1.03377
16,100,2.33508
16,100,2.37346
16,100,3.38864
16,100,0.922853
16,100,0.928859
16,100,2.29577
16,100,1.38037
16,100,2.35437
16,100,3.54268
16,100,2.43956
16,100,2.01249
16,100,1.09353
16,100,0.941126
16,100,2.32762
16,100,0.886689
16,100,1.08998
16,100,2.31715
16,100,3.78639
16,100,1.13323
16,100,2.30602
16,100,0.954937
16,100,0.918587
16,100,1.16468
16,100,1.42913
16,100,2.44919
16,100,0.964894
16,100,2.29434
16,100,0.974875
16,100,2.38994
16,100,2.00992
16,100,2.15674
16,100,2.14939
16,100,2.18726
16,100,3.95219
16,100,2.07847
16,100,2.44952
16,100,2.15709
16,100,5.43008
16,100,1.10854
16,100,1.03663
16,100,2.29664
16,100,1.61912
16,100,0.952239
16,100,1.17151
16,100,2.39865
16,100,1.03488
16,100,0.932282
16,100,0.916167
16,100,3.95102
16,100,2.36062
16,100,0.994324
16,100,1.30856
16,100,0.958865
16,100,0.993941
16,100,1.59216
16,100,3.47823
16,100,1.15812
16,100,1.12159
16,100,3.75738
16,100,2.33374
16,100,0.982356
16,100,1.85681
16,100,1.16821
16,100,1.14846
16,100,2.09908
16,100,3.67868
16,100,0.933977
16,100,1.12828
16,100,1.14525
16,100,2.11573
16,100,1.01197
16,100,2.29578
16,100,1.38816
16,100,2.37081
16,100,1.52999
16,100,0.914222
16,100,2.21932
16,100,2.27326
16,100,1.28133
16,100,0.965271
16,100,0.89929
16,100,1.12611
16,100,2.36018
16,100,0.976789
16,100,3.9473
16,100,2.30107
16,100,0.926885
16,100,1.14752
16,100,2.31857
16,100,0.95715
16,100,3.68761
16,100,1.45926
16,100,0.958717
16,100,1.02275
16,100,0.9598
16,100,1.4197
16,100,0.927041
16,100,3.9935
16,100,1.26205
16,100,0.986182
16,100,1.1344
16,100,0.912763
16,100,1.10889
16,100,1.2586
16,100,2.33261
16,100,1.33087
16,100,2.31372
16,100,1.22555
16,100,1.00295
16,100,1.02755
16,100,2.35198
16,100,0.89255
16,100,2.28817
16,100,2.36292
16,100,2.36932
16,100,1.41543
16,100,1.1496
16,100,2.08965
16,100,0.981348
16,100,0.943077
16,100,1.11363
16,100,2.21511
16,100,3.43738
16,100,2.1953
16,100,2.23637
16,100,1.17936
16,100,1.00769
16,100,3.70674
16,100,1.21412
16,100,2.00369
16,100,0.891192
16,100,2.1174
16,100,0.877738
16,100,1.38604
16,100,4.02601
16,100,2.61601
16,100,1.10039
16,100,1.05296
16,100,1.10577
16,100,1.10487
16,100,2.38665
16,100,2.30136
16,100,3.57696
16,100,0.948126
16,100,2.34667
16,100,0.952266
16,100,2.21144
16,100,1.37674
16,100,0.967344
16,100,1.04906
16,100,3.65018
16,100,2.02899
16,100,2.2383
16,100,2.25558
16,100,1.00896
16,100,1.12561
16,100,0.967278
16,100,0.930174
16,100,0.975216
16,100,1.43284
16,100,0.940465
16,100,2.39542
16,100,2.2313
16,100,2.10434
16,100,2.32803
16,100,3.42821
16,100,2.26053
16,100,1.31888
16,100,0.932282
16,100,1.10484
16,100,0.906919
16,100,0.93624
16,100,0.870444
16,100,0.921126
16,100,1.12307
16,100,2.12617
16,100,1.11279
16,100,1.44434
16,100,0.888179
16,100,2.29959
16,100,0.923727
16,100,2.32669
16,100,0.910066
16,100,0.986179
16,100,2.26518
16,100,1.08554
16,100,2.14722
16,100,2.26646
16,100,2.20424
16,100,2.35059
16,100,2.26474
16,100,2.41446
16,100,1.00949
16,100,1.7355
16,100,2.05864
16,100,0.991926
16,100,1.21245
16,100,2.34467
16,100,0.958514
16,100,0.941879
16,100,2.43337
16,100,2.08635
16,100,0.944081
16,100,1.14197
16,100,2.11291
16,100,2.32681
16,100,2.34896
16,100,4.05013
16,100,2.22933
16,100,1.22825
16,100,2.44524
16,100,1.10611
16,100,2.41752
16,100,1.16587
16,100,1.43834
16,100,0.964007
16,100,3.58362
16,100,0.876193
16,100,0.946445
16,100,4.02433
16,100,0.956438
16,100,3.54606
16,100,0.931446
16,100,1.37896
16,100,3.5119
16,100,1.1401
16,100,1.00828
16,100,0.919089
16,100,3.9264
16,100,2.33428
16,100,2.16829
16,100,2.4308
16,100,1.09496
16,100,2.40124
16,100,0.884965
16,100,2.36486
16,100,2.12223
16,100,0.93065
16,100,2.23236
16,100,0.964012
16,100,2.15264
16,100,1.25175
16,100,1.16815
16,100,0.998788
16,100,0.948402
16,100,1.12202
16,100,2.3329
16,100,2.16696
16,100,2.43071
16,100,1.2868
16,100,1.37617
16,100,0.960232
16,100,2.14152
16,100,2.2208
16,100,1.15782
16,100,2.35654
16,100,1.12975
16,100,0.907252
16,100,2.20966
16,100,3.50689
16,100,1.12429
16,100,1.14656
16,100,1.05136
16,100,2.10157
16,100,3.74068
16,100,4.15326
16,100,3.86029
16,100,1.03287
16,100,1.12173
16,100,2.20989
16,100,1.1506
16,100,1.09698
16,100,1.17379
16,100,2.20778
16,100,2.27087
16,100,1.05379
16,100,2.3508
16,100,1.414
16,100,2.33852
16,100,0.909145
16,100,1.2879
16,100,0.981722
16,100,1.14023
16,100,2.39068
16,100,0.94295
16,100,0.984899
16,100,2.06591
16,100,1.87052
16,100,2.32981
16,100,1.17305
16,100,2.17248
16,100,0.977286
16,100,2.32056
16,100,0.982084
16,100,1.19355
16,100,2.17574
16,100,0.894078
16,100,1.12217
16,100,1.28276
16,100,2.17722
16,100,4.18682
16,100,2.18837
16,100,1.26244
16,100,4.02656
16,100,1.84468
16,100,2.39923
16,100,2.41906
16,100,3.9375
16,100,0.981429
16,100,1.11574
16,100,0.955298
16,100,0.90691
16,100,2.41624
16,100,2.34324
16,100,4.32253
16,100,1.48924
16,100,0.95497
16,100,0.971791
16,100,1.14787
16,100,3.64782
16,100,1.31662
16,100,1.00671
16,100,1.20286
16,100,0.946479
16,100,4.87126
16,100,1.12801
16,100,0.854354
16,100,0.917744
16,100,2.59691
16,100,1.79924
16,100,1.07253
16,100,3.92719
16,100,3.50398
16,100,0.976368
16,100,2.07294
16,100,1.32259
16,100,0.996977
16,100,3.57753
16,100,0.974549
16,100,2.1407
16,100,2.27797
16,100,3.57543
16,100,2.26733
16,100,2.04126
16,100,2.3137
16,100,0.991212
16,100,2.33094
16,100,1.36053
16,100,1.19865
16,100,3.70263
16,100,0.953465
16,100,0.974352
16,100,3.78937
16,100,2.36354
16,100,1.11409
16,100,0.9696
16,100,2.43662
16,100,1.14199
16,100,1.14628
16,100,2.39039
16,100,0.894317
16,100,2.384
16,100,0.902909
16,100,1.20781
16,100,1.25912
16,100,1.45791
16,100,1.86244
16,100,2.35659
16,100,2.16933
16,100,1.18038
16,100,2.34666
16,100,1.09685
16,100,1.75183
16,100,1.09363
16,100,0.902277
16,100,0.948273
16,100,2.26075
16,100,1.01678
16,100,2.32849
16,100,2.29621
16,100,2.42289
16,100,0.996747
16,100,1.07812
16,100,0.923615
16,100,1.36517
16,100,0.939517
16,100,1.00013
16,100,0.902801
16,100,1.07472
16,100,0.978352
16,100,2.24581
16,100,1.15945
16,100,2.08944
16,100,2.27031
16,100,2.47183
16,100,1.07099
16,100,2.2143
16,100,0.973538
16,100,2.24051
16,100,0.903319
16,100,1.89924
16,100,2.39798
16,100,0.96577
16,100,1.1329
16,100,1.30995
16,100,0.961222
16,100,1.12474
16,100,2.40592
16,100,2.3817
16,100,1.37355
16,100,0.906815
16,100,2.33123
16,100,0.974838
16,100,1.24837
16,100,0.879375
16,100,1.1178
16,100,1.01788
16,100,2.53821
16,100,4.05952
16,100,0.941033
16,100,1.08518
16,100,2.33403
16,100,1.09794
16,100,2.16759
16,100,2.2053
16,100,0.877804
16,100,2.15979
16,100,2.28083
16,100,0.942445
16,100,2.33984
16,100,2.53984
16,100,1.11959
16,100,1.20856
16,100,2.0478
16,100,1.31924
16,100,3.53955
16,100,1.12917
16,100,1.00679
16,100,1.16885
16,100,3.60098
16,100,0.94028
16,100,3.66079
16,100,1.18595
16,100,0.975101
16,100,2.23401
16,100,2.37446
16,100,1.09397
16,100,0.928778
16,100,0.969431
16,100,2.33987
16,100,0.968181
16,100,1.31881
16,100,2.39134
16,100,2.24864
16,100,0.973841
16,100,1.17558
16,100,2.43022
16,100,3.77965
16,100,2.34498
16,100,1.0351
16,100,3.81808
16,100,1.36083
16,100,0.947912
16,100,0.9527
16,100,3.75949
16,100,2.34441
16,100,1.22155
16,100,1.22206
16,100,3.66111
16,100,2.27644
16,100,1.93053
16,100,1.00877
16,100,2.17863
16,100,0.908563
16,100,0.89574
16,100,1.22057
16,100,2.27392
16,100,0.991365
16,100,0.915868
16,100,0.98014
16,100,2.18063
16,100,1.11134
16,100,3.7516
16,100,2.35487
16,100,0.892458
16,100,2.49228
16,100,0.963432
16,100,1.96056
16,100,1.17127
16,100,2.25917
16,100,2.45468
16,100,0.910849
16,100,2.29094
16,100,0.901549
16,100,3.80398
16,100,2.16938
16,100,1.22352
16,100,2.08925
16,100,1.16068
16,100,1.20513
16,100,1.50092
16,100,2.36787
16,100,0.941908
16,100,1.26998
16,100,1.485
16,100,2.06771
16,100,2.19929
16,100,1.00672
16,100,0.918655
16,100,1.99725
16,100,0.961039
16,100,0.969583
16,100,0.944834
16,100,1.11881
16,100,3.73384
16,100,1.2035
16,100,2.30548
16,100,2.20593
16,100,2.37129
16,100,0.928425
16,100,1.08642
16,100,0.954945
16,100,2.90962
16,100,2.37737
16,100,1.19353
16,100,2.00259
16,100,0.927829
16,100,2.11875
16,100,1.27461
16,100,2.1207
16,100,1.4202
16,100,0.995889
16,100,1.18116
16,100,0.935649
16,100,1.3013
16,100,0.98107
16,100,2.35893
16,100,0.961817
16,100,1.01903
16,100,0.898138
16,100,2.25337
16,100,2.08292
16,100,2.34439
16,100,0.922929
16,100,2.35228
16,100,2.25387
16,100,0.875783
16,100,0.972476
16,100,0.946043
16,100,2.34589
16,100,2.27687
16,100,1.15184
16,100,1.14673
16,100,2.15316
16,100,0.943103
16,100,1.10077
16,100,0.950052
16,100,1.84778
16,100,2.25445
16,100,2.20236
16,100,1.08436
16,100,0.977217
16,100,0.980596
16,100,1.38609
16,100,2.36481
16,100,2.21152
16,100,3.51205
16,100,1.06376
16,100,1.1143
16,100,1.04892
16,100,3.47395
16,100,2.26356
16,100,0.890089
16,100,0.989548
16,100,2.15046
16,100,2.39485
16,100,2.35605
16,100,0.963265
16,100,3.2818
16,100,0.973597
16,100,0.913402
16,100,1.08544
16,100,0.904705
16,100,2.19587
16,100,0.988824
16,100,1.16414
16,100,3.61535
16,100,1.26105
16,100,0.928047
16,100,2.33747
16,100,3.03954
16,100,2.09167
16,100,4.30746
16,100,1.38736
16,100,2.3104
16,100,1.44166
16,100,1.06243
16,100,1.32648
16,100,1.42477
16,100,0.95224
16,100,1.10366
16,100,1.10217
16,100,2.05518
16,100,2.35823
16,100,2.25027
16,100,2.46559
16,100,1.03934
16,100,1.12626
16,100,2.34427
16,100,1.10176
16,100,0.963635
16,100,0.967768
16,100,1.68892
16,100,2.16661
16,100,3.38352
16,100,2.3849
16,100,0.923722
16,100,1.24735
16,100,0.87483
16,100,2.10914
16,100,2.19003
16,100,1.44997
16,100,1.90174
16,100,0.945689
16,100,2.40247
16,100,0.864067
16,100,0.969005
16,100,2.12941
16,100,0.95257
16,100,2.16828
16,100,0.994426
16,100,3.86915
16,100,1.1514
16,100,2.2322
16,100,2.12553
16,100,2.261
16,100,0.954949
16,100,1.06925
16,100,2.29086
16,100,1.21777
16,100,0.968194
16,100,1.069
16,100,1.16631
16,100,0.97422
16,100,0.988082
16,100,0.987841
16,100,1.38823
16,100,1.06556
16,100,3.94521
16,100,2.37181
16,100,2.36353
16,100,2.24051
16,100,2.40992
16,100,2.36856
16,100,0.932553
16,100,2.28373
16,100,3.57438
16,100,1.15124
16,100,1.33356
16,100,2.37296
16,100,1.00281
16,100,2.37438
16,100,0.948469
16,100,2.21825
16,100,0.956381
16,100,0.987982
16,100,0.917013
16,100,3.9565
16,100,3.61469
16,100,1.04523
16,100,1.00746
16,100,3.63124
16,100,1.15887
16,100,2.22215
16,100,2.08747
16,100,1.23491
16,100,1.10593
16,100,0.959208
16,100,2.41483
16,100,0.912763
16,100,2.20817
16,100,2.40857
16,100,1.15456
16,100,1.58112
16,100,2.35083
16,100,1.36903
16,100,2.20674
16,100,2.15377
16,100,0.891601
16,100,2.10429
16,100,2.14747
16,100,3.60033
16,100,2.01029
16,100,1.16622
16,100,0.970797
16,100,1.37746
16,100,2.43743
16,100,4.70277
16,100,1.39029
16,100,3.58597
16,100,2.10358
16,100,0.949433
16,100,1.29185
16,100,1.26978
16,100,1.15926
16,100,0.950227
16,100,2.02636
16,100,1.10647
16,100,2.19088
16,100,0.965982
16,100,1.12433
16,100,1.23133
16,100,1.83844
16,100,1.3422
16,100,0.897814
16,100,2.16411
16,100,2.27179
16,100,1.20413
16,100,0.99379
16,100,0.976154
16,100,1.14982
16,100,3.57207
16,100,2.31431
16,100,1.17412
16,100,0.927484
16,100,2.16265
16,100,0.903475
16,100,2.36918
16,100,1.03474
16,100,0.902894
16,100,1.19905
16,100,2.42877
16,100,2.11993
16,100,0.999041
16,100,2.18382
16,100,1.1608
16,100,1.04015
16,100,0.97411
16,100,4.19344
16,100,1.0404
16,100,1.14694
16,100,2.36543
16,100,2.25197
16,100,1.43172
16,100,2.37846
16,100,4.22506
16,100,0.950613
16,100,0.91005
16,100,2.07451
16,100,1.98413
16,100,2.26423
16,100,2.32479
16,100,2.32164
16,100,1.08376
16,100,3.86132
16,100,2.39395
16,100,1.39861
16,100,1.26378
16,100,1.02893
16,100,1.05485
16,100,0.940514
16,100,1.11222
16,100,0.986106
16,100,0.968128
16,100,0.911571
16,100,2.36979
16,100,1.12818
16,100,1.24672
16,100,1.07177
16,100,0.94924
16,100,0.873319
16,100,1.4302
16,100,0.94122
16,100,2.1364
16,100,0.927446
16,100,1.01641
16,100,1.26915
16,100,1.79107
16,100,2.66932
16,100,2.18197
16,100,0.904697
16,100,0.873745
16,100,2.39067
16,100,0.969581
16,100,1.06864
16,100,1.12881
16,100,1.13774
16,100,0.955215
16,100,0.914903
16,100,0.941344
16,100,2.13368
16,100,2.03497
16,100,3.51939
16,100,2.06378
16,100,1.03453
16,100,0.947699
16,100,1.16034
16,100,1.33736
16,100,2.27671
16,100,0.965499
16,100,2.30108
16,100,3.61204
16,100,0.890613
16,100,1.29163
16,100,1.11476
16,100,2.36013
16,100,1.14538
16,100,3.56091
16,100,2.48231
16,100,2.45371
16,100,1.11648
16,100,2.43819
16,100,2.12809
16,100,2.753
16,100,2.27873
16,100,0.907874
16,100,1.1509
16,100,0.994182
16,100,2.37358
16,100,0.890099
16,100,0.945598
16,100,0.967376
16,100,0.874167
16,100,0.926772
16,100,1.02489
16,100,1.08845
16,100,2.41548
16,100,0.9927
16,100,0.937049
16,100,0.929185
16,100,2.31173
16,100,2.33481
16,100,2.35511
16,100,2.42171
16,100,2.21242
16,100,2.46326
16,100,1.17286
16,100,1.0251
16,100,1.23301
16,100,2.44148
16,100,2.28674
16,100,2.52575
16,100,2.26284
16,100,2.2631
16,100,2.38642
16,100,1.05194
16,100,0.977219
16,100,2.29177
16,100,1.12862
16,100,1.00923
16,100,0.939605
16,100,0.979664
16,100,2.38844
16,100,2.20433
16,100,3.5421
16,100,2.31385
16,100,2.3197
16,100,1.20958
16,100,1.03845
16,100,0.934338
16,100,1.39315
16,100,3.89674
16,100,2.03297
16,100,2.14477
16,100,1.07507
16,100,1.30721
16,100,4.03657
16,100,2.17036
16,100,0.869799
16,100,3.41173
16,100,0.921636
16,100,1.00126
16,100,2.47386
16,100,1.13131
16,100,1.0061
16,100,0.947677
16,100,2.06971
16,100,2.34018
16,100,2.24911
16,100,0.923566
16,100,2.18995
16,100,0.981047
16,100,3.83073
16,100,0.892704
16,100,2.40475
16,100,1.28927
16,100,2.3439
16,100,1.08786
16,100,0.95731
16,100,2.08828
16,100,2.22244
16,100,0.941823
16,100,2.38392
16,100,2.30045
16,100,0.869324
16,100,1.19049
16,100,2.17505
16,100,2.20074
16,100,0.990499
16,100,0.894404
16,100,1.14251
16,100,2.40604
16,100,2.17187
16,100,0.897375
16,100,1.24667
16,100,2.35814
16,100,1.08536
16,100,1.16116
16,100,2.29444
16,100,2.12053
16,100,1.19649
16,100,1.50739
16,100,0.982628
16,100,2.22607
16,100,1.13793
16,100,1.16681
16,100,0.956729
16,100,3.89445
16,100,1.14136
16,100,0.929068
16,100,3.89102
16,100,1.02839
16,100,1.4462
16,100,1.09714
16,100,0.902176
16,100,2.42142
16,100,2.42016
16,100,1.9918
16,100,1.09993
16,100,2.35361
16,100,2.22097
16,100,2.46036
16,100,2.40877
16,100,2.10778
16,100,1.10289
16,100,1.12615
16,100,1.41747
16,100,2.21648
16,100,2.29044
16,100,1.23407
16,100,3.48709
16,100,1.0989
16,100,2.02198
16,100,0.909079
16,100,0.993045
16,100,3.23563
16,100,1.17432
16,100,1.36903
16,100,2.27469
16,100,2.37621
16,100,1.14376
16,100,1.00135
16,100,2.40586
16,100,1.10402
16,100,2.2045
16,100,2.36861
16,100,2.02228
16,100,2.41657
16,100,2.10595
16,100,2.13977
16,100,1.44749
16,100,1.17247
16,100,2.35808
